step_idx,timestamp,pos_x,pos_y,pos_z,quat_x,quat_y,quat_z,quat_w,dvl_vel_x,dvl_vel_y,dvl_vel_z,dvl_alt,imu_orient_x,imu_orient_y,imu_orient_z,imu_orient_w,imu_gyro_x,imu_gyro_y,imu_gyro_z,imu_accel_x,imu_accel_y,imu_accel_z
0,0.000,0.002,0.000,2.586,-0.000,0.001,-0.000,1.000,0.000,0.000,0.000,-1.000,-0.000,0.001,-0.000,1.000,-0.000,-0.000,-0.000,0.022,0.004,-9.814
1,1.002,0.002,0.001,2.722,-0.000,0.001,-0.000,1.000,0.000,0.000,0.000,-1.000,-0.000,0.001,-0.000,1.000,-0.000,-0.000,-0.000,0.022,0.004,-9.814
2,2.171,0.227,-0.001,2.871,-0.010,0.035,-0.001,0.999,0.000,0.000,0.000,-1.000,-0.010,0.035,-0.001,0.999,-0.016,0.033,-0.003,0.953,0.188,-9.788
3,2.972,0.600,0.005,3.106,-0.010,-0.009,0.036,0.999,0.000,0.000,0.000,-1.000,-0.010,-0.009,0.036,0.999,0.003,-0.129,0.091,-0.152,0.218,-9.483
4,3.708,0.957,0.026,3.501,-0.007,-0.021,0.066,0.998,0.000,0.000,0.000,-1.000,-0.007,-0.021,0.066,0.998,0.006,0.028,0.079,-0.488,0.208,-9.672
5,4.510,1.300,0.063,4.007,-0.007,-0.011,0.094,0.995,0.000,0.000,0.000,-1.000,-0.007,-0.011,0.094,0.995,0.001,0.007,0.071,-0.254,0.200,-9.777
6,5.245,1.583,0.111,4.489,-0.007,-0.013,0.122,0.992,0.000,0.000,0.000,-1.000,-0.007,-0.013,0.122,0.992,0.001,-0.010,0.079,-0.269,0.207,-9.798
7,6.381,1.981,0.210,5.228,-0.010,0.006,0.162,0.987,0.000,0.000,0.000,-1.000,-0.010,0.006,0.162,0.987,0.000,0.059,0.068,0.159,0.193,-9.839
8,7.517,2.376,0.344,5.914,-0.012,0.015,0.196,0.980,0.000,0.000,0.000,-1.000,-0.012,0.015,0.196,0.980,-0.003,-0.008,0.066,0.337,0.200,-9.824
9,8.687,2.797,0.517,6.486,-0.015,0.025,0.211,0.977,0.000,0.000,0.000,-1.000,-0.015,0.025,0.211,0.977,-0.002,0.016,0.026,0.586,0.207,-9.865
10,9.489,3.108,0.656,6.794,-0.016,0.027,0.218,0.975,0.000,0.000,0.000,-1.000,-0.016,0.027,0.218,0.975,-0.001,-0.001,0.018,0.631,0.209,-9.856
11,10.224,3.410,0.797,7.035,-0.017,0.027,0.225,0.974,0.000,0.000,0.000,-1.000,-0.017,0.027,0.225,0.974,-0.001,0.001,0.018,0.618,0.207,-9.829
12,11.027,3.753,0.964,7.285,-0.016,0.026,0.236,0.971,0.000,0.000,0.000,-1.000,-0.016,0.026,0.236,0.971,-0.001,-0.016,0.041,0.568,0.201,-9.718
13,11.761,4.067,1.124,7.548,-0.015,0.020,0.250,0.968,0.000,0.000,0.000,-1.000,-0.015,0.020,0.250,0.968,-0.002,-0.010,0.041,0.426,0.204,-9.756
14,12.897,4.526,1.377,7.987,-0.016,0.023,0.271,0.962,0.000,0.000,0.000,-1.000,-0.016,0.023,0.271,0.962,-0.002,0.011,0.038,0.506,0.208,-9.801
15,14.033,4.976,1.651,8.412,-0.018,0.026,0.288,0.957,0.000,0.000,0.000,-1.000,-0.018,0.026,0.288,0.957,-0.002,-0.002,0.027,0.607,0.207,-9.809
16,15.170,5.418,1.936,8.712,-0.017,0.021,0.286,0.958,0.000,0.000,0.000,-1.000,-0.017,0.021,0.286,0.958,0.000,-0.001,-0.006,0.531,0.209,-9.881
17,16.006,5.765,2.163,8.842,-0.019,0.028,0.280,0.959,0.000,0.000,0.000,-1.000,-0.019,0.028,0.280,0.959,0.001,0.021,-0.014,0.679,0.208,-9.873
18,16.707,6.079,2.366,8.911,-0.019,0.028,0.278,0.960,0.000,0.000,0.000,-1.000,-0.019,0.028,0.278,0.960,0.000,-0.012,-0.006,0.682,0.205,-9.823
19,17.876,6.636,2.724,9.011,-0.019,0.030,0.282,0.959,0.000,0.000,0.000,-1.000,-0.019,0.030,0.282,0.959,-0.001,0.022,0.016,0.668,0.203,-9.736
20,19.014,7.181,3.078,9.179,-0.021,0.034,0.293,0.955,0.000,0.000,0.000,-1.000,-0.021,0.034,0.293,0.955,-0.002,-0.012,0.020,0.740,0.204,-9.739
21,20.149,7.704,3.429,9.385,-0.019,0.025,0.301,0.953,0.000,0.000,0.000,-1.000,-0.019,0.025,0.301,0.953,-0.001,-0.002,0.014,0.561,0.206,-9.784
22,20.951,8.060,3.674,9.517,-0.019,0.026,0.301,0.953,0.000,0.000,0.000,-1.000,-0.019,0.026,0.301,0.953,0.000,0.002,-0.001,0.605,0.207,-9.831
23,21.686,8.389,3.903,9.603,-0.019,0.027,0.298,0.954,0.000,0.000,0.000,-1.000,-0.019,0.027,0.298,0.954,0.001,0.003,-0.011,0.640,0.206,-9.853
24,22.488,8.759,4.160,9.658,-0.019,0.027,0.294,0.955,0.000,0.000,0.000,-1.000,-0.019,0.027,0.294,0.955,0.000,-0.001,-0.005,0.649,0.203,-9.810
25,23.223,9.111,4.402,9.697,-0.019,0.028,0.294,0.955,0.000,0.000,0.000,-1.000,-0.019,0.028,0.294,0.955,0.000,0.003,0.000,0.642,0.203,-9.790
26,24.359,9.665,4.782,9.758,-0.020,0.030,0.295,0.955,0.000,0.000,0.000,-1.000,-0.020,0.030,0.295,0.955,-0.000,0.003,0.003,0.678,0.203,-9.778
27,25.495,10.223,5.166,9.829,-0.020,0.030,0.297,0.954,0.000,0.000,0.000,-1.000,-0.020,0.030,0.297,0.954,-0.000,-0.002,0.004,0.674,0.203,-9.778
28,26.665,10.813,5.572,9.901,-0.019,0.027,0.297,0.954,0.000,0.000,0.000,-1.000,-0.019,0.027,0.297,0.954,-0.000,-0.000,-0.001,0.625,0.203,-9.796
29,27.467,11.208,5.844,9.938,-0.019,0.028,0.295,0.955,0.000,0.000,0.000,-1.000,-0.019,0.028,0.295,0.955,0.000,0.002,-0.005,0.641,0.203,-9.805
30,28.204,11.572,6.094,9.959,-0.020,0.028,0.293,0.956,0.000,0.000,0.000,-1.000,-0.020,0.028,0.293,0.956,0.000,0.001,-0.007,0.650,0.203,-9.809
31,29.005,11.973,6.368,9.969,-0.020,0.029,0.291,0.956,0.000,0.000,0.000,-1.000,-0.020,0.029,0.291,0.956,0.000,0.001,-0.003,0.652,0.202,-9.787
32,29.706,12.327,6.608,9.979,-0.020,0.029,0.290,0.956,0.000,0.000,0.000,-1.000,-0.020,0.029,0.290,0.956,0.000,0.002,-0.001,0.665,0.202,-9.781
33,30.875,12.921,7.008,10.000,-0.020,0.030,0.290,0.956,0.000,0.000,0.000,-1.000,-0.020,0.030,0.290,0.956,0.000,-0.000,0.000,0.668,0.202,-9.778
34,32.013,13.425,7.349,10.034,-0.009,0.013,0.347,0.938,0.000,0.000,0.000,-1.000,-0.009,0.013,0.347,0.938,-0.026,-0.072,0.191,0.082,0.107,-9.796
35,33.147,13.703,7.537,10.077,0.001,0.000,0.465,0.885,0.000,0.000,0.000,-1.000,0.001,0.000,0.465,0.885,0.009,0.027,0.271,-0.116,0.022,-9.815
36,33.950,13.818,7.614,10.100,-0.004,0.009,0.565,0.825,0.000,0.000,0.000,-1.000,-0.004,0.009,0.565,0.825,-0.012,0.007,0.296,0.143,0.010,-9.818
37,34.685,13.889,7.662,10.115,-0.002,0.003,0.650,0.760,0.000,0.000,0.000,-1.000,-0.002,0.003,0.650,0.760,-0.005,-0.029,0.289,0.032,0.028,-9.825
38,35.487,13.940,7.697,10.123,0.002,-0.001,0.736,0.677,0.000,0.000,0.000,-1.000,0.002,-0.001,0.736,0.677,0.004,0.008,0.311,-0.059,0.011,-9.818
39,36.222,13.972,7.718,10.125,-0.003,0.003,0.809,0.588,0.000,0.000,0.000,-1.000,-0.003,0.003,0.809,0.588,-0.004,0.015,0.316,0.076,-0.001,-9.814
40,37.358,13.935,7.927,10.132,-0.043,0.018,0.822,0.568,0.000,0.000,0.000,-1.000,-0.043,0.018,0.822,0.568,-0.015,0.031,-0.008,1.118,0.198,-9.762
41,38.527,13.777,8.399,10.129,-0.025,0.005,0.821,0.570,0.000,0.000,0.000,-1.000,-0.025,0.005,0.821,0.570,-0.003,-0.024,-0.004,0.535,0.214,-9.790
42,39.664,13.578,8.955,10.125,-0.040,0.015,0.819,0.572,0.000,0.000,0.000,-1.000,-0.040,0.015,0.819,0.572,0.000,0.032,-0.005,0.836,0.208,-9.777
43,40.465,13.421,9.389,10.122,-0.037,0.013,0.818,0.573,0.000,0.000,0.000,-1.000,-0.037,0.013,0.818,0.573,0.000,-0.031,-0.003,0.763,0.205,-9.775
44,41.202,13.280,9.779,10.121,-0.032,0.009,0.818,0.574,0.000,0.000,0.000,-1.000,-0.032,0.009,0.818,0.574,0.000,0.001,-0.002,0.615,0.204,-9.783
45,42.004,13.124,10.207,10.123,-0.037,0.013,0.817,0.575,0.000,0.000,0.000,-1.000,-0.037,0.013,0.817,0.575,0.000,0.018,-0.002,0.746,0.204,-9.777
46,42.738,12.982,10.601,10.126,-0.038,0.014,0.817,0.575,0.000,0.000,0.000,-1.000,-0.038,0.014,0.817,0.575,0.000,-0.011,-0.003,0.762,0.204,-9.778
47,43.874,12.762,11.212,10.131,-0.034,0.011,0.816,0.577,0.000,0.000,0.000,-1.000,-0.034,0.011,0.816,0.577,0.000,0.005,-0.003,0.668,0.203,-9.785
48,45.011,12.545,11.824,10.134,-0.037,0.013,0.815,0.579,0.000,0.000,0.000,-1.000,-0.037,0.013,0.815,0.579,0.000,-0.001,-0.004,0.740,0.203,-9.782
49,46.147,12.352,12.364,10.140,-0.003,0.011,0.778,0.628,0.000,0.000,0.000,-1.000,-0.003,0.011,0.778,0.628,-0.033,-0.110,-0.237,-0.049,-0.167,-9.800
50,46.982,12.273,12.594,10.149,0.005,-0.006,0.702,0.712,0.000,0.000,0.000,-1.000,0.005,-0.006,0.702,0.712,-0.005,0.040,-0.290,-0.290,-0.036,-9.813
51,47.684,12.230,12.714,10.153,-0.011,0.008,0.621,0.784,0.000,0.000,0.000,-1.000,-0.011,0.008,0.621,0.784,0.019,0.047,-0.318,0.191,0.038,-9.811
52,48.519,12.196,12.811,10.156,-0.004,0.006,0.511,0.860,0.000,0.000,0.000,-1.000,-0.004,0.006,0.511,0.860,0.009,-0.055,-0.313,0.097,-0.035,-9.814
53,49.222,12.222,12.933,10.162,-0.018,0.004,0.490,0.872,0.000,0.000,0.000,-1.000,-0.018,0.004,0.490,0.872,0.038,0.078,0.004,0.494,0.249,-9.783
54,50.357,12.405,13.317,10.173,-0.027,0.025,0.488,0.872,0.000,0.000,0.000,-1.000,-0.027,0.025,0.488,0.872,0.006,-0.034,-0.004,0.800,0.195,-9.787
55,51.527,12.693,13.826,10.170,-0.020,0.014,0.486,0.874,0.000,0.000,0.000,-1.000,-0.020,0.014,0.486,0.874,0.000,0.024,-0.005,0.457,0.200,-9.801
56,52.663,13.012,14.358,10.158,-0.026,0.025,0.483,0.875,0.000,0.000,0.000,-1.000,-0.026,0.025,0.483,0.875,0.001,-0.005,-0.007,0.701,0.202,-9.792
57,53.465,13.259,14.759,10.146,-0.022,0.019,0.481,0.876,0.000,0.000,0.000,-1.000,-0.022,0.019,0.481,0.876,0.000,-0.014,-0.004,0.544,0.202,-9.791
58,54.201,13.480,15.114,10.137,-0.023,0.020,0.480,0.877,0.000,0.000,0.000,-1.000,-0.023,0.020,0.480,0.877,0.000,0.015,-0.002,0.560,0.203,-9.785
59,55.004,13.724,15.501,10.133,-0.025,0.024,0.479,0.877,0.000,0.000,0.000,-1.000,-0.025,0.024,0.479,0.877,0.000,0.001,-0.002,0.644,0.203,-9.781
60,55.737,13.950,15.856,10.132,-0.024,0.022,0.478,0.878,0.000,0.000,0.000,-1.000,-0.024,0.022,0.478,0.878,0.000,-0.009,-0.003,0.593,0.203,-9.786
61,56.874,14.301,16.405,10.134,-0.023,0.021,0.477,0.878,0.000,0.000,0.000,-1.000,-0.023,0.021,0.477,0.878,0.000,0.006,-0.003,0.587,0.203,-9.789
62,58.010,14.654,16.951,10.136,-0.024,0.022,0.475,0.879,0.000,0.000,0.000,-1.000,-0.024,0.022,0.475,0.879,0.000,-0.003,-0.004,0.600,0.203,-9.790
63,59.146,15.009,17.496,10.137,-0.023,0.021,0.473,0.880,0.000,0.000,0.000,-1.000,-0.023,0.021,0.473,0.880,0.000,0.002,-0.004,0.585,0.203,-9.792
64,59.981,15.271,17.897,10.136,-0.024,0.022,0.471,0.881,0.000,0.000,0.000,-1.000,-0.024,0.022,0.471,0.881,0.000,0.001,-0.005,0.601,0.203,-9.792
65,60.683,15.493,18.232,10.134,-0.024,0.022,0.470,0.882,0.000,0.000,0.000,-1.000,-0.024,0.022,0.470,0.882,0.000,-0.001,-0.004,0.595,0.203,-9.791
66,61.485,15.748,18.615,10.131,-0.023,0.022,0.469,0.883,0.000,0.000,0.000,-1.000,-0.023,0.022,0.469,0.883,0.000,0.001,-0.004,0.591,0.203,-9.789
67,62.221,15.983,18.965,10.129,-0.024,0.022,0.468,0.883,0.000,0.000,0.000,-1.000,-0.024,0.022,0.468,0.883,0.000,0.001,-0.004,0.598,0.203,-9.789
68,63.356,16.348,19.506,10.126,-0.023,0.022,0.466,0.884,0.000,0.000,0.000,-1.000,-0.023,0.022,0.466,0.884,0.000,-0.000,-0.003,0.596,0.203,-9.788
69,64.526,16.726,20.060,10.125,-0.023,0.022,0.464,0.885,0.000,0.000,0.000,-1.000,-0.023,0.022,0.464,0.885,0.000,0.000,-0.003,0.597,0.203,-9.789
70,65.664,17.095,20.598,10.126,-0.023,0.022,0.462,0.886,0.000,0.000,0.000,-1.000,-0.023,0.022,0.462,0.886,0.000,-0.000,-0.003,0.597,0.203,-9.789
71,66.466,17.368,20.992,10.126,-0.023,0.022,0.461,0.887,0.000,0.000,0.000,-1.000,-0.023,0.022,0.461,0.887,0.000,0.000,-0.004,0.596,0.203,-9.790
72,67.202,17.609,21.338,10.126,-0.023,0.022,0.460,0.888,0.000,0.000,0.000,-1.000,-0.023,0.022,0.460,0.888,0.000,0.000,-0.004,0.597,0.203,-9.791
73,68.004,17.874,21.715,10.126,-0.023,0.022,0.458,0.888,0.000,0.000,0.000,-1.000,-0.023,0.022,0.458,0.888,0.000,0.000,-0.004,0.598,0.203,-9.791
74,68.738,18.117,22.060,10.125,-0.023,0.022,0.457,0.889,0.000,0.000,0.000,-1.000,-0.023,0.022,0.457,0.889,0.000,0.000,-0.004,0.598,0.203,-9.790
75,69.874,18.495,22.592,10.123,-0.023,0.022,0.455,0.890,0.000,0.000,0.000,-1.000,-0.023,0.022,0.455,0.890,0.000,0.000,-0.004,0.599,0.203,-9.790
76,71.012,18.876,23.123,10.121,-0.023,0.023,0.453,0.891,0.000,0.000,0.000,-1.000,-0.023,0.023,0.453,0.891,0.000,0.000,-0.004,0.600,0.203,-9.789
77,72.147,19.259,23.652,10.120,-0.023,0.023,0.451,0.892,0.000,0.000,0.000,-1.000,-0.023,0.023,0.451,0.892,0.000,0.000,-0.004,0.601,0.203,-9.789
78,72.982,19.542,24.041,10.119,-0.023,0.023,0.450,0.892,0.000,0.000,0.000,-1.000,-0.023,0.023,0.450,0.892,0.000,0.000,-0.003,0.601,0.203,-9.789
79,73.684,19.781,24.366,10.119,-0.023,0.023,0.449,0.893,0.000,0.000,0.000,-1.000,-0.023,0.023,0.449,0.893,0.000,0.000,-0.004,0.601,0.203,-9.789
80,74.520,20.067,24.753,10.119,-0.023,0.023,0.448,0.894,0.000,0.000,0.000,-1.000,-0.023,0.023,0.448,0.894,0.000,0.000,-0.004,0.601,0.203,-9.790
81,75.222,20.307,25.077,10.119,-0.023,0.023,0.446,0.894,0.000,0.000,0.000,-1.000,-0.023,0.023,0.446,0.894,0.000,0.000,-0.004,0.601,0.203,-9.790
82,76.357,20.699,25.601,10.118,-0.023,0.023,0.445,0.895,0.000,0.000,0.000,-1.000,-0.023,0.023,0.445,0.895,0.000,0.000,-0.004,0.602,0.203,-9.790
83,77.527,21.104,26.139,10.117,-0.023,0.023,0.443,0.896,0.000,0.000,0.000,-1.000,-0.023,0.023,0.443,0.896,0.000,0.000,-0.004,0.603,0.203,-9.790
84,78.663,21.447,26.592,10.124,-0.010,0.009,0.501,0.866,0.000,0.000,0.000,-1.000,-0.010,0.009,0.501,0.866,-0.030,-0.068,0.211,0.041,0.119,-9.792
85,79.465,21.591,26.785,10.138,0.003,-0.002,0.585,0.811,0.000,0.000,0.000,-1.000,0.003,-0.002,0.585,0.811,-0.011,0.003,0.260,-0.192,0.025,-9.814
86,80.201,21.670,26.889,10.147,-0.003,0.007,0.667,0.745,0.000,0.000,0.000,-1.000,-0.003,0.007,0.667,0.745,-0.006,0.031,0.304,0.067,-0.016,-9.816
87,81.004,21.728,26.964,10.153,-0.005,0.005,0.752,0.659,0.000,0.000,0.000,-1.000,-0.005,0.005,0.752,0.659,-0.006,-0.025,0.303,0.103,0.026,-9.818
88,81.737,21.761,27.009,10.155,0.002,-0.001,0.821,0.571,0.000,0.000,0.000,-1.000,0.002,-0.001,0.821,0.571,0.004,-0.012,0.311,-0.069,0.027,-9.817
89,82.874,21.793,27.049,10.149,-0.004,0.003,0.910,0.416,0.000,0.000,0.000,-1.000,-0.004,0.003,0.910,0.416,-0.005,0.014,0.316,0.092,0.000,-9.814
90,84.011,21.743,27.128,10.145,-0.032,-0.001,0.943,0.331,0.000,0.000,0.000,-1.000,-0.032,-0.001,0.943,0.331,0.039,0.099,0.003,0.854,0.236,-9.765
91,85.145,21.436,27.393,10.142,-0.039,0.003,0.942,0.333,0.000,0.000,0.000,-1.000,-0.039,0.003,0.942,0.333,0.004,-0.053,-0.004,0.867,0.204,-9.776
92,85.947,21.133,27.646,10.134,-0.030,-0.000,0.942,0.335,0.000,0.000,0.000,-1.000,-0.030,-0.000,0.942,0.335,0.001,0.017,-0.004,0.611,0.208,-9.787
93,86.682,20.826,27.899,10.127,-0.042,0.004,0.941,0.336,0.000,0.000,0.000,-1.000,-0.042,0.004,0.941,0.336,0.000,0.033,-0.004,0.844,0.206,-9.774
94,87.485,20.474,28.188,10.119,-0.044,0.005,0.940,0.338,0.000,0.000,0.000,-1.000,-0.044,0.005,0.940,0.338,0.000,-0.019,-0.003,0.852,0.204,-9.770
95,88.220,20.144,28.460,10.111,-0.038,0.003,0.940,0.339,0.000,0.000,0.000,-1.000,-0.038,0.003,0.940,0.339,0.000,-0.005,-0.003,0.723,0.203,-9.778
96,89.023,19.780,28.761,10.105,-0.041,0.004,0.940,0.339,0.000,0.000,0.000,-1.000,-0.041,0.004,0.940,0.339,0.000,0.014,-0.002,0.786,0.203,-9.772
97,89.757,19.445,29.038,10.102,-0.043,0.004,0.939,0.340,0.000,0.000,0.000,-1.000,-0.043,0.004,0.939,0.340,0.000,-0.003,-0.002,0.825,0.203,-9.771
98,90.893,18.927,29.468,10.099,-0.040,0.003,0.939,0.341,0.000,0.000,0.000,-1.000,-0.040,0.003,0.939,0.341,0.000,0.000,-0.002,0.762,0.203,-9.776
99,92.030,18.409,29.900,10.098,-0.042,0.004,0.939,0.343,0.000,0.000,0.000,-1.000,-0.042,0.004,0.939,0.343,0.000,0.001,-0.002,0.797,0.203,-9.775
100,93.166,17.947,30.285,10.105,-0.005,0.008,0.916,0.400,0.000,0.000,0.000,-1.000,-0.005,0.008,0.916,0.400,-0.028,-0.111,-0.207,-0.057,-0.130,-9.801
101,93.967,17.763,30.441,10.114,0.005,-0.005,0.874,0.486,0.000,0.000,0.000,-1.000,0.005,-0.005,0.874,0.486,-0.003,0.038,-0.275,-0.273,-0.020,-9.812
102,94.704,17.654,30.531,10.121,-0.013,0.005,0.813,0.582,0.000,0.000,0.000,-1.000,-0.013,0.005,0.813,0.582,0.017,0.040,-0.320,0.200,0.034,-9.811
103,95.840,17.548,30.621,10.126,0.001,-0.001,0.698,0.716,0.000,0.000,0.000,-1.000,0.001,-0.001,0.698,0.716,-0.001,-0.044,-0.311,-0.072,-0.037,-9.816
104,96.976,17.506,30.870,10.135,-0.032,0.019,0.679,0.734,0.000,0.000,0.000,-1.000,-0.032,0.019,0.679,0.734,-0.009,0.070,-0.003,0.915,0.173,-9.784
105,98.146,17.515,31.400,10.132,-0.019,0.005,0.676,0.736,0.000,0.000,0.000,-1.000,-0.019,0.005,0.676,0.736,-0.003,-0.057,-0.008,0.404,0.199,-9.802
106,98.948,17.538,31.837,10.125,-0.021,0.007,0.674,0.738,0.000,0.000,0.000,-1.000,-0.021,0.007,0.674,0.738,-0.001,0.059,-0.008,0.428,0.197,-9.802
107,99.650,17.566,32.240,10.119,-0.033,0.020,0.672,0.740,0.000,0.000,0.000,-1.000,-0.033,0.020,0.672,0.740,0.001,0.017,-0.005,0.752,0.198,-9.782
108,100.485,17.606,32.736,10.110,-0.025,0.012,0.671,0.741,0.000,0.000,0.000,-1.000,-0.025,0.012,0.671,0.741,0.000,-0.043,-0.004,0.508,0.199,-9.790
109,101.187,17.643,33.157,10.105,-0.021,0.008,0.670,0.742,0.000,0.000,0.000,-1.000,-0.021,0.008,0.670,0.742,0.000,0.017,-0.004,0.400,0.200,-9.793
110,101.989,17.689,33.639,10.104,-0.029,0.017,0.668,0.743,0.000,0.000,0.000,-1.000,-0.029,0.017,0.668,0.743,0.000,0.020,-0.003,0.630,0.201,-9.784
111,102.724,17.733,34.083,10.103,-0.028,0.015,0.667,0.744,0.000,0.000,0.000,-1.000,-0.028,0.015,0.667,0.744,0.000,-0.024,-0.004,0.584,0.201,-9.789
112,103.860,17.804,34.768,10.105,-0.024,0.011,0.666,0.746,0.000,0.000,0.000,-1.000,-0.024,0.011,0.666,0.746,0.000,0.015,-0.005,0.483,0.201,-9.794
113,105.031,17.881,35.470,10.108,-0.028,0.015,0.663,0.748,0.000,0.000,0.000,-1.000,-0.028,0.015,0.663,0.748,0.000,-0.009,-0.005,0.586,0.201,-9.792
114,106.166,17.962,36.172,10.108,-0.025,0.012,0.661,0.750,0.000,0.000,0.000,-1.000,-0.025,0.012,0.661,0.750,0.000,0.005,-0.006,0.498,0.201,-9.796
115,106.968,18.019,36.652,10.107,-0.027,0.015,0.659,0.751,0.000,0.000,0.000,-1.000,-0.027,0.015,0.659,0.751,0.000,0.006,-0.006,0.566,0.201,-9.794
116,107.703,18.074,37.092,10.106,-0.026,0.014,0.658,0.753,0.000,0.000,0.000,-1.000,-0.026,0.014,0.658,0.753,0.000,-0.007,-0.005,0.553,0.201,-9.793
117,108.505,18.136,37.571,10.104,-0.025,0.013,0.656,0.754,0.000,0.000,0.000,-1.000,-0.025,0.013,0.656,0.754,0.000,0.000,-0.005,0.516,0.201,-9.794
118,109.240,18.195,38.010,10.102,-0.026,0.014,0.655,0.755,0.000,0.000,0.000,-1.000,-0.026,0.014,0.655,0.755,0.000,0.005,-0.005,0.546,0.201,-9.792
119,110.376,18.288,38.686,10.101,-0.026,0.014,0.653,0.757,0.000,0.000,0.000,-1.000,-0.026,0.014,0.653,0.757,0.000,-0.004,-0.005,0.542,0.201,-9.792
120,111.513,18.385,39.361,10.101,-0.026,0.014,0.651,0.759,0.000,0.000,0.000,-1.000,-0.026,0.014,0.651,0.759,0.000,0.003,-0.005,0.538,0.202,-9.793
121,112.649,18.486,40.034,10.101,-0.026,0.015,0.649,0.760,0.000,0.000,0.000,-1.000,-0.026,0.015,0.649,0.760,0.000,-0.002,-0.005,0.548,0.202,-9.792
122,113.451,18.559,40.508,10.101,-0.026,0.014,0.647,0.762,0.000,0.000,0.000,-1.000,-0.026,0.014,0.647,0.762,0.000,-0.000,-0.005,0.536,0.202,-9.793
123,114.186,18.628,40.942,10.101,-0.026,0.014,0.646,0.763,0.000,0.000,0.000,-1.000,-0.026,0.014,0.646,0.763,0.000,0.002,-0.005,0.544,0.202,-9.793
124,114.988,18.705,41.415,10.101,-0.026,0.015,0.644,0.764,0.000,0.000,0.000,-1.000,-0.026,0.015,0.644,0.764,0.000,-0.001,-0.005,0.548,0.202,-9.793
125,115.723,18.777,41.847,10.100,-0.026,0.014,0.643,0.765,0.000,0.000,0.000,-1.000,-0.026,0.014,0.643,0.765,0.000,-0.000,-0.005,0.542,0.202,-9.793
126,116.859,18.891,42.515,10.099,-0.026,0.015,0.641,0.767,0.000,0.000,0.000,-1.000,-0.026,0.015,0.641,0.767,0.000,0.001,-0.005,0.547,0.202,-9.793
127,117.995,19.008,43.180,10.097,-0.026,0.015,0.638,0.769,0.000,0.000,0.000,-1.000,-0.026,0.015,0.638,0.769,0.000,-0.000,-0.005,0.545,0.202,-9.793
128,119.165,19.137,43.884,10.097,-0.026,0.015,0.636,0.771,0.000,0.000,0.000,-1.000,-0.026,0.015,0.636,0.771,0.000,0.001,-0.005,0.547,0.202,-9.792
129,119.967,19.225,44.352,10.096,-0.026,0.015,0.635,0.772,0.000,0.000,0.000,-1.000,-0.026,0.015,0.635,0.772,0.000,-0.000,-0.005,0.548,0.202,-9.792
130,120.702,19.307,44.780,10.096,-0.026,0.015,0.634,0.773,0.000,0.000,0.000,-1.000,-0.026,0.015,0.634,0.773,0.000,-0.000,-0.005,0.547,0.202,-9.793
131,121.504,19.398,45.246,10.096,-0.026,0.015,0.632,0.774,0.000,0.000,0.000,-1.000,-0.026,0.015,0.632,0.774,0.000,0.000,-0.005,0.547,0.202,-9.793
132,122.207,19.479,45.654,10.096,-0.026,0.015,0.631,0.775,0.000,0.000,0.000,-1.000,-0.026,0.015,0.631,0.775,0.000,0.000,-0.005,0.549,0.202,-9.793
133,123.376,19.617,46.332,10.095,-0.026,0.015,0.629,0.777,0.000,0.000,0.000,-1.000,-0.026,0.015,0.629,0.777,0.000,0.000,-0.005,0.548,0.202,-9.793
134,124.515,19.755,46.989,10.094,-0.026,0.015,0.626,0.779,0.000,0.000,0.000,-1.000,-0.026,0.015,0.626,0.779,0.000,0.000,-0.005,0.550,0.202,-9.793
135,125.651,19.877,47.567,10.100,-0.012,0.007,0.678,0.735,0.000,0.000,0.000,-1.000,-0.012,0.007,0.678,0.735,-0.037,-0.061,0.234,0.030,0.112,-9.792
136,126.453,19.928,47.809,10.113,0.003,-0.000,0.750,0.662,0.000,0.000,0.000,-1.000,0.003,-0.000,0.750,0.662,-0.014,-0.002,0.270,-0.182,0.015,-9.815
137,127.188,19.958,47.950,10.122,-0.004,0.006,0.815,0.579,0.000,0.000,0.000,-1.000,-0.004,0.006,0.815,0.579,-0.003,0.030,0.302,0.050,-0.016,-9.816
138,127.990,19.981,48.052,10.128,-0.006,0.004,0.879,0.476,0.000,0.000,0.000,-1.000,-0.006,0.004,0.879,0.476,-0.006,-0.022,0.303,0.106,0.025,-9.818
139,128.725,19.993,48.114,10.129,0.002,-0.000,0.927,0.376,0.000,0.000,0.000,-1.000,0.002,-0.000,0.927,0.376,0.003,-0.013,0.304,-0.057,0.028,-9.817
140,129.527,20.003,48.158,10.125,-0.001,0.001,0.966,0.257,0.000,0.000,0.000,-1.000,-0.001,0.001,0.966,0.257,-0.001,0.020,0.316,0.019,0.001,-9.815
141,130.262,20.010,48.183,10.120,-0.005,0.001,0.990,0.143,0.000,0.000,0.000,-1.000,-0.005,0.001,0.990,0.143,-0.007,-0.003,0.323,0.103,0.009,-9.812
142,131.399,19.803,48.263,10.115,-0.046,-0.004,0.992,0.118,0.000,0.000,0.000,-1.000,-0.046,-0.004,0.992,0.118,-0.013,0.039,-0.007,1.128,0.199,-9.763
143,132.535,19.289,48.404,10.099,-0.032,-0.007,0.992,0.120,0.000,0.000,0.000,-1.000,-0.032,-0.007,0.992,0.120,-0.001,-0.021,-0.004,0.719,0.207,-9.783
144,133.671,18.620,48.576,10.079,-0.046,-0.005,0.991,0.122,0.000,0.000,0.000,-1.000,-0.046,-0.005,0.991,0.122,0.000,0.031,-0.004,0.943,0.203,-9.766
145,134.473,18.101,48.708,10.066,-0.048,-0.004,0.991,0.123,0.000,0.000,0.000,-1.000,-0.048,-0.004,0.991,0.123,0.000,-0.015,-0.001,0.952,0.201,-9.757
146,135.209,17.609,48.833,10.058,-0.044,-0.005,0.991,0.123,0.000,0.000,0.000,-1.000,-0.044,-0.005,0.991,0.123,0.000,-0.002,-0.000,0.856,0.200,-9.760
147,136.344,16.833,49.029,10.055,-0.048,-0.004,0.991,0.124,0.000,0.000,0.000,-1.000,-0.048,-0.004,0.991,0.124,0.000,0.004,-0.001,0.929,0.200,-9.760
148,137.481,16.050,49.227,10.056,-0.046,-0.004,0.991,0.124,0.000,0.000,0.000,-1.000,-0.046,-0.004,0.991,0.124,0.000,-0.003,-0.001,0.889,0.200,-9.766
149,138.650,15.242,49.432,10.057,-0.047,-0.004,0.991,0.125,0.000,0.000,0.000,-1.000,-0.047,-0.004,0.991,0.125,0.000,0.002,-0.002,0.902,0.199,-9.768
150,139.452,14.687,49.574,10.057,-0.047,-0.004,0.991,0.126,0.000,0.000,0.000,-1.000,-0.047,-0.004,0.991,0.126,0.000,-0.002,-0.003,0.900,0.199,-9.770
151,140.153,14.202,49.699,10.054,-0.046,-0.004,0.991,0.127,0.000,0.000,0.000,-1.000,-0.046,-0.004,0.991,0.127,0.000,-0.000,-0.003,0.891,0.199,-9.770
152,140.989,13.721,49.821,10.057,-0.014,0.002,0.982,0.186,0.000,0.000,0.000,-1.000,-0.014,0.002,0.982,0.186,-0.036,-0.096,-0.188,0.047,0.008,-9.809
153,141.690,13.437,49.895,10.062,0.001,-0.001,0.967,0.256,0.000,0.000,0.000,-1.000,0.001,-0.001,0.967,0.256,-0.010,0.010,-0.228,-0.186,-0.024,-9.810
154,142.492,13.203,49.954,10.068,-0.012,0.001,0.935,0.355,0.000,0.000,0.000,-1.000,-0.012,0.001,0.935,0.355,0.011,0.029,-0.282,0.148,0.019,-9.809
155,143.228,12.985,50.056,10.077,-0.033,-0.001,0.926,0.375,0.000,0.000,0.000,-1.000,-0.033,-0.001,0.926,0.375,0.037,0.048,0.007,0.774,0.207,-9.774
156,144.363,12.551,50.373,10.087,-0.031,0.000,0.927,0.375,0.000,0.000,0.000,-1.000,-0.031,0.000,0.927,0.375,0.004,-0.024,-0.001,0.631,0.190,-9.794
157,145.499,12.064,50.794,10.089,-0.033,0.002,0.926,0.376,0.000,0.000,0.000,-1.000,-0.033,0.002,0.926,0.376,0.001,0.020,-0.004,0.630,0.198,-9.793
158,146.636,11.583,51.239,10.081,-0.034,0.002,0.925,0.379,0.000,0.000,0.000,-1.000,-0.034,0.002,0.925,0.379,0.001,-0.011,-0.005,0.644,0.200,-9.793
159,147.471,11.229,51.577,10.072,-0.032,0.002,0.924,0.380,0.000,0.000,0.000,-1.000,-0.032,0.002,0.924,0.380,0.000,0.003,-0.004,0.593,0.201,-9.789
160,148.173,10.933,51.864,10.066,-0.034,0.003,0.924,0.381,0.000,0.000,0.000,-1.000,-0.034,0.003,0.924,0.381,0.000,0.007,-0.002,0.638,0.202,-9.782
161,148.975,10.596,52.194,10.063,-0.034,0.003,0.924,0.382,0.000,0.000,0.000,-1.000,-0.034,0.003,0.924,0.382,0.000,-0.004,-0.002,0.642,0.202,-9.781
162,149.710,10.288,52.497,10.062,-0.033,0.002,0.923,0.383,0.000,0.000,0.000,-1.000,-0.033,0.002,0.923,0.383,0.000,-0.002,-0.002,0.614,0.203,-9.785
163,150.512,9.954,52.829,10.064,-0.033,0.003,0.923,0.383,0.000,0.000,0.000,-1.000,-0.033,0.003,0.923,0.383,0.000,0.002,-0.003,0.622,0.203,-9.786
164,151.247,9.648,53.134,10.066,-0.034,0.003,0.923,0.384,0.000,0.000,0.000,-1.000,-0.034,0.003,0.923,0.384,0.000,-0.001,-0.003,0.628,0.203,-9.788
165,152.383,9.178,53.605,10.069,-0.033,0.002,0.922,0.386,0.000,0.000,0.000,-1.000,-0.033,0.002,0.922,0.386,0.000,0.000,-0.004,0.615,0.203,-9.790
166,153.520,8.710,54.078,10.070,-0.033,0.003,0.921,0.388,0.000,0.000,0.000,-1.000,-0.033,0.003,0.921,0.388,0.000,0.000,-0.004,0.622,0.203,-9.790
167,154.656,8.244,54.553,10.069,-0.033,0.003,0.920,0.390,0.000,0.000,0.000,-1.000,-0.033,0.003,0.920,0.390,0.000,-0.000,-0.004,0.617,0.203,-9.790
168,155.458,7.916,54.890,10.067,-0.033,0.003,0.920,0.392,0.000,0.000,0.000,-1.000,-0.033,0.003,0.920,0.392,0.000,0.001,-0.004,0.619,0.203,-9.789
169,156.193,7.617,55.199,10.066,-0.033,0.003,0.919,0.393,0.000,0.000,0.000,-1.000,-0.033,0.003,0.919,0.393,0.000,0.000,-0.003,0.621,0.203,-9.787
170,156.995,7.291,55.537,10.065,-0.033,0.003,0.919,0.394,0.000,0.000,0.000,-1.000,-0.033,0.003,0.919,0.394,0.000,-0.000,-0.003,0.619,0.203,-9.787
171,157.730,6.980,55.861,10.065,-0.033,0.003,0.918,0.395,0.000,0.000,0.000,-1.000,-0.033,0.003,0.918,0.395,0.000,0.000,-0.003,0.618,0.203,-9.787
172,158.866,6.522,56.342,10.065,-0.033,0.003,0.917,0.397,0.000,0.000,0.000,-1.000,-0.033,0.003,0.917,0.397,0.000,-0.000,-0.003,0.618,0.203,-9.788
173,160.003,6.067,56.824,10.066,-0.033,0.003,0.917,0.398,0.000,0.000,0.000,-1.000,-0.033,0.003,0.917,0.398,0.000,0.000,-0.003,0.616,0.203,-9.789
174,161.138,5.613,57.308,10.067,-0.033,0.003,0.916,0.400,0.000,0.000,0.000,-1.000,-0.033,0.003,0.916,0.400,0.000,0.000,-0.004,0.616,0.203,-9.789
175,161.940,5.294,57.650,10.067,-0.033,0.003,0.915,0.402,0.000,0.000,0.000,-1.000,-0.033,0.003,0.915,0.402,0.000,-0.000,-0.004,0.615,0.203,-9.789
176,162.675,5.003,57.964,10.066,-0.033,0.003,0.915,0.403,0.000,0.000,0.000,-1.000,-0.033,0.003,0.915,0.403,0.000,0.000,-0.004,0.615,0.203,-9.789
177,163.477,4.686,58.308,10.066,-0.033,0.003,0.914,0.404,0.000,0.000,0.000,-1.000,-0.033,0.003,0.914,0.404,0.000,0.000,-0.003,0.615,0.203,-9.789
178,164.179,4.409,58.609,10.065,-0.033,0.003,0.914,0.405,0.000,0.000,0.000,-1.000,-0.033,0.003,0.914,0.405,0.000,0.000,-0.003,0.615,0.203,-9.788
179,165.015,4.082,58.968,10.065,-0.033,0.003,0.913,0.406,0.000,0.000,0.000,-1.000,-0.033,0.003,0.913,0.406,0.000,0.000,-0.003,0.614,0.203,-9.788
180,165.717,3.807,59.271,10.064,-0.033,0.003,0.913,0.407,0.000,0.000,0.000,-1.000,-0.033,0.003,0.913,0.407,0.000,0.000,-0.003,0.614,0.203,-9.788
181,166.852,3.364,59.762,10.064,-0.033,0.003,0.912,0.409,0.000,0.000,0.000,-1.000,-0.033,0.003,0.912,0.409,0.000,0.000,-0.003,0.613,0.203,-9.789
182,167.989,2.924,60.254,10.064,-0.033,0.003,0.911,0.411,0.000,0.000,0.000,-1.000,-0.033,0.003,0.911,0.411,0.000,0.000,-0.003,0.613,0.203,-9.789
183,169.158,2.472,60.763,10.064,-0.033,0.003,0.910,0.413,0.000,0.000,0.000,-1.000,-0.033,0.003,0.910,0.413,0.000,0.000,-0.003,0.612,0.203,-9.789
184,169.960,2.164,61.112,10.064,-0.033,0.003,0.910,0.414,0.000,0.000,0.000,-1.000,-0.033,0.003,0.910,0.414,0.000,0.000,-0.003,0.612,0.203,-9.789
185,170.662,1.896,61.418,10.064,-0.033,0.003,0.909,0.415,0.000,0.000,0.000,-1.000,-0.033,0.003,0.909,0.415,0.000,0.000,-0.004,0.611,0.203,-9.789
186,171.498,1.564,61.799,10.064,-0.033,0.003,0.908,0.417,0.000,0.000,0.000,-1.000,-0.033,0.003,0.908,0.417,0.000,0.000,-0.004,0.611,0.203,-9.789
187,172.200,1.297,62.106,10.063,-0.033,0.004,0.908,0.418,0.000,0.000,0.000,-1.000,-0.033,0.004,0.908,0.418,0.000,0.000,-0.004,0.610,0.203,-9.789
188,173.335,0.981,62.469,10.074,-0.002,0.000,0.946,0.325,0.000,0.000,0.000,-1.000,-0.002,0.000,0.946,0.325,-0.005,-0.051,0.219,-0.141,0.041,-9.814
189,174.472,0.820,62.654,10.085,-0.006,0.003,0.984,0.180,0.000,0.000,0.000,-1.000,-0.006,0.003,0.984,0.180,-0.004,0.034,0.305,0.050,-0.003,-9.812
190,175.641,0.732,62.756,10.091,-0.002,0.000,1.000,0.006,0.000,0.000,0.000,-1.000,-0.002,0.000,1.000,0.006,-0.003,-0.031,0.291,0.016,0.032,-9.816
191,176.443,0.697,62.795,10.089,0.002,0.001,0.993,-0.114,0.000,0.000,0.000,-1.000,-0.002,-0.001,-0.993,0.114,0.004,0.012,0.315,-0.061,0.010,-9.816
192,177.145,0.678,62.818,10.086,-0.005,-0.000,0.975,-0.223,0.000,0.000,0.000,-1.000,0.005,0.000,-0.975,0.223,-0.005,0.016,0.317,0.084,-0.001,-9.813
193,177.980,0.559,62.784,10.085,-0.034,-0.019,0.967,-0.250,0.000,0.000,0.000,-1.000,0.034,0.019,-0.967,0.250,0.032,0.084,-0.006,1.017,0.194,-9.771
194,178.715,0.318,62.669,10.080,-0.040,-0.021,0.968,-0.248,0.000,0.000,0.000,-1.000,0.040,0.021,-0.968,0.248,0.004,-0.039,-0.004,1.031,0.228,-9.764
195,179.885,-0.210,62.395,10.065,-0.028,-0.018,0.969,-0.246,0.000,0.000,0.000,-1.000,0.028,0.018,-0.969,0.246,0.001,0.031,-0.004,0.679,0.206,-9.784
196,181.054,-0.819,62.072,10.051,-0.042,-0.021,0.969,-0.244,0.000,0.000,0.000,-1.000,0.042,0.021,-0.969,0.244,0.000,-0.008,-0.003,0.928,0.203,-9.766
197,182.224,-1.460,61.729,10.042,-0.036,-0.020,0.969,-0.243,0.000,0.000,0.000,-1.000,0.036,0.020,-0.969,0.243,0.000,0.004,-0.001,0.780,0.202,-9.769
198,183.393,-2.110,61.381,10.043,-0.040,-0.021,0.969,-0.243,0.000,0.000,0.000,-1.000,0.040,0.021,-0.969,0.243,0.000,-0.000,-0.001,0.868,0.202,-9.765
199,184.563,-2.782,61.021,10.051,-0.038,-0.020,0.969,-0.242,0.000,0.000,0.000,-1.000,0.038,0.020,-0.969,0.242,0.000,-0.001,-0.001,0.810,0.202,-9.771
200,185.733,-3.436,60.672,10.058,-0.039,-0.020,0.970,-0.241,0.000,0.000,0.000,-1.000,0.039,0.020,-0.970,0.241,0.000,0.001,-0.003,0.831,0.202,-9.776
201,186.869,-4.073,60.334,10.057,-0.038,-0.020,0.970,-0.239,0.000,0.000,0.000,-1.000,0.038,0.020,-0.970,0.239,0.000,-0.001,-0.004,0.819,0.202,-9.780
202,188.039,-4.656,60.023,10.056,-0.014,0.003,0.983,-0.184,0.000,0.000,0.000,-1.000,0.014,-0.003,-0.983,0.184,-0.027,-0.110,-0.193,0.027,-0.137,-9.799
203,189.209,-5.080,59.827,10.071,-0.023,-0.015,0.991,-0.129,0.000,0.000,0.000,-1.000,0.023,0.015,-0.991,0.129,0.029,0.135,0.006,0.648,0.203,-9.778
204,190.378,-5.684,59.620,10.088,-0.036,-0.016,0.991,-0.128,0.000,0.000,0.000,-1.000,0.036,0.016,-0.991,0.128,0.002,-0.070,-0.002,0.815,0.196,-9.782
205,191.514,-6.380,59.412,10.088,-0.028,-0.014,0.992,-0.126,0.000,0.000,0.000,-1.000,0.028,0.014,-0.992,0.126,0.001,0.046,-0.005,0.623,0.200,-9.798
206,192.684,-7.151,59.198,10.070,-0.040,-0.016,0.992,-0.122,0.000,0.000,0.000,-1.000,0.040,0.016,-0.992,0.122,0.001,-0.019,-0.006,0.835,0.199,-9.787
207,193.486,-7.697,59.053,10.050,-0.033,-0.015,0.992,-0.121,0.000,0.000,0.000,-1.000,0.033,0.015,-0.992,0.121,0.000,-0.004,-0.004,0.685,0.199,-9.784
208,194.222,-8.206,58.921,10.034,-0.037,-0.015,0.992,-0.120,0.000,0.000,0.000,-1.000,0.037,0.015,-0.992,0.120,0.000,0.018,-0.001,0.761,0.199,-9.768
209,195.358,-9.000,58.720,10.021,-0.039,-0.015,0.992,-0.120,0.000,0.000,0.000,-1.000,0.039,0.015,-0.992,0.120,0.000,-0.008,-0.000,0.790,0.199,-9.766
210,196.527,-9.824,58.514,10.021,-0.037,-0.015,0.992,-0.120,0.000,0.000,0.000,-1.000,0.037,0.015,-0.992,0.120,0.000,0.004,-0.001,0.758,0.199,-9.772
211,197.663,-10.650,58.310,10.029,-0.038,-0.015,0.992,-0.119,0.000,0.000,0.000,-1.000,0.038,0.015,-0.992,0.119,0.000,-0.002,-0.001,0.777,0.199,-9.773
212,198.499,-11.239,58.165,10.037,-0.037,-0.015,0.992,-0.118,0.000,0.000,0.000,-1.000,0.037,0.015,-0.992,0.118,0.000,-0.002,-0.002,0.751,0.199,-9.781
213,199.201,-11.735,58.043,10.041,-0.037,-0.015,0.992,-0.117,0.000,0.000,0.000,-1.000,0.037,0.015,-0.992,0.117,0.000,0.001,-0.004,0.752,0.199,-9.787
214,200.370,-12.563,57.843,10.039,-0.037,-0.015,0.993,-0.115,0.000,0.000,0.000,-1.000,0.037,0.015,-0.993,0.115,0.000,0.000,-0.004,0.764,0.199,-9.784
215,201.506,-13.371,57.650,10.031,-0.037,-0.015,0.993,-0.113,0.000,0.000,0.000,-1.000,0.037,0.015,-0.993,0.113,0.000,0.000,-0.003,0.765,0.199,-9.781
216,202.676,-14.207,57.454,10.021,-0.038,-0.015,0.993,-0.111,0.000,0.000,0.000,-1.000,0.038,0.015,-0.993,0.111,0.000,0.000,-0.003,0.773,0.199,-9.777
217,203.478,-14.781,57.321,10.016,-0.038,-0.015,0.993,-0.111,0.000,0.000,0.000,-1.000,0.038,0.015,-0.993,0.111,0.000,0.001,-0.001,0.777,0.199,-9.773
218,204.213,-15.309,57.200,10.015,-0.038,-0.015,0.993,-0.110,0.000,0.000,0.000,-1.000,0.038,0.015,-0.993,0.110,0.000,0.000,-0.001,0.780,0.199,-9.771
219,205.016,-15.885,57.068,10.016,-0.038,-0.014,0.993,-0.110,0.000,0.000,0.000,-1.000,0.038,0.014,-0.993,0.110,0.000,-0.001,-0.002,0.777,0.199,-9.775
220,205.750,-16.413,56.948,10.019,-0.038,-0.014,0.993,-0.109,0.000,0.000,0.000,-1.000,0.038,0.014,-0.993,0.109,0.000,-0.001,-0.002,0.769,0.199,-9.778
221,206.886,-17.231,56.764,10.022,-0.038,-0.014,0.993,-0.108,0.000,0.000,0.000,-1.000,0.038,0.014,-0.993,0.108,0.000,0.000,-0.003,0.772,0.199,-9.779
222,208.056,-18.074,56.577,10.023,-0.038,-0.014,0.993,-0.106,0.000,0.000,0.000,-1.000,0.038,0.014,-0.993,0.106,0.000,0.000,-0.003,0.772,0.199,-9.779
223,209.192,-18.896,56.396,10.020,-0.038,-0.014,0.994,-0.105,0.000,0.000,0.000,-1.000,0.038,0.014,-0.994,0.105,0.000,0.000,-0.003,0.774,0.199,-9.779
224,209.994,-19.477,56.270,10.018,-0.038,-0.014,0.994,-0.104,0.000,0.000,0.000,-1.000,0.038,0.014,-0.994,0.104,0.000,0.000,-0.003,0.777,0.199,-9.778
225,210.729,-20.011,56.155,10.015,-0.038,-0.014,0.994,-0.103,0.000,0.000,0.000,-1.000,0.038,0.014,-0.994,0.103,0.000,0.000,-0.002,0.780,0.199,-9.775
226,211.865,-20.862,55.974,10.013,-0.039,-0.014,0.994,-0.102,0.000,0.000,0.000,-1.000,0.039,0.014,-0.994,0.102,0.000,0.000,-0.002,0.781,0.198,-9.775
227,213.035,-21.715,55.795,10.013,-0.039,-0.014,0.994,-0.101,0.000,0.000,0.000,-1.000,0.039,0.014,-0.994,0.101,0.000,0.000,-0.002,0.782,0.198,-9.776
228,214.171,-22.545,55.623,10.015,-0.039,-0.014,0.994,-0.100,0.000,0.000,0.000,-1.000,0.039,0.014,-0.994,0.100,0.000,0.000,-0.002,0.782,0.198,-9.776
229,214.973,-23.132,55.502,10.016,-0.039,-0.014,0.994,-0.099,0.000,0.000,0.000,-1.000,0.039,0.014,-0.994,0.099,0.000,-0.000,-0.002,0.781,0.198,-9.777
230,215.708,-23.671,55.392,10.016,-0.039,-0.014,0.994,-0.098,0.000,0.000,0.000,-1.000,0.039,0.014,-0.994,0.098,0.000,0.000,-0.002,0.781,0.198,-9.778
231,216.844,-24.505,55.224,10.016,-0.039,-0.014,0.994,-0.097,0.000,0.000,0.000,-1.000,0.039,0.014,-0.994,0.097,0.000,0.000,-0.002,0.783,0.198,-9.778
232,218.015,-25.365,55.053,10.015,-0.039,-0.014,0.995,-0.095,0.000,0.000,0.000,-1.000,0.039,0.014,-0.995,0.095,0.000,0.000,-0.002,0.785,0.198,-9.777
233,219.150,-26.203,54.888,10.013,-0.039,-0.014,0.995,-0.094,0.000,0.000,0.000,-1.000,0.039,0.014,-0.995,0.094,0.000,0.000,-0.002,0.787,0.198,-9.776
234,219.952,-26.768,54.777,10.015,-0.034,-0.006,0.992,-0.119,0.000,0.000,0.000,-1.000,0.034,0.006,-0.992,0.119,0.006,-0.052,0.158,0.388,0.031,-9.778
235,220.687,-27.152,54.702,10.025,-0.009,-0.001,0.984,-0.180,0.000,0.000,0.000,-1.000,0.009,0.001,-0.984,0.180,-0.008,-0.057,0.181,-0.012,0.015,-9.810
236,221.489,-27.456,54.643,10.038,-0.004,0.001,0.965,-0.260,0.000,0.000,0.000,-1.000,0.004,-0.001,-0.965,0.260,0.002,0.022,0.232,-0.051,-0.009,-9.811
237,222.226,-27.662,54.604,10.048,-0.011,-0.001,0.938,-0.348,0.000,0.000,0.000,-1.000,0.011,0.001,-0.938,0.348,-0.008,0.007,0.259,0.141,-0.007,-9.812
238,223.394,-27.895,54.559,10.061,-0.001,0.001,0.874,-0.486,0.000,0.000,0.000,-1.000,0.001,-0.001,-0.874,0.486,0.000,-0.014,0.270,-0.034,0.012,-9.816
239,224.564,-28.087,54.438,10.073,0.025,0.029,-0.833,0.552,0.000,0.000,0.000,-1.000,0.025,0.029,-0.833,0.552,0.030,0.115,-0.005,0.963,0.242,-9.760
240,225.733,-28.328,54.033,10.077,0.022,0.026,-0.837,0.547,0.000,0.000,0.000,-1.000,0.022,0.026,-0.837,0.547,0.001,-0.076,-0.008,0.724,0.213,-9.791
241,226.936,-28.599,53.483,10.064,0.024,0.028,-0.839,0.543,0.000,0.000,0.000,-1.000,0.024,0.028,-0.839,0.543,-0.000,0.059,-0.008,0.725,0.210,-9.788
242,228.108,-28.872,52.902,10.045,0.027,0.029,-0.841,0.540,0.000,0.000,0.000,-1.000,0.027,0.029,-0.841,0.540,0.000,-0.038,-0.006,0.765,0.205,-9.780
243,228.944,-29.069,52.475,10.034,0.021,0.026,-0.842,0.539,0.000,0.000,0.000,-1.000,0.021,0.026,-0.842,0.539,0.000,0.013,-0.001,0.621,0.205,-9.776
244,229.679,-29.243,52.098,10.032,0.028,0.030,-0.841,0.539,0.000,0.000,0.000,-1.000,0.028,0.030,-0.841,0.539,-0.000,0.020,0.000,0.792,0.204,-9.764
245,230.514,-29.441,51.667,10.037,0.027,0.030,-0.841,0.539,0.000,0.000,0.000,-1.000,0.027,0.030,-0.841,0.539,0.000,-0.019,-0.001,0.766,0.204,-9.772
246,231.249,-29.616,51.288,10.043,0.023,0.027,-0.842,0.539,0.000,0.000,0.000,-1.000,0.023,0.027,-0.842,0.539,0.000,-0.003,-0.002,0.664,0.204,-9.784
247,232.420,-29.893,50.687,10.053,0.027,0.029,-0.843,0.537,0.000,0.000,0.000,-1.000,0.027,0.029,-0.843,0.537,0.000,0.004,-0.004,0.756,0.204,-9.783
248,233.623,-30.180,50.068,10.056,0.024,0.028,-0.844,0.535,0.000,0.000,0.000,-1.000,0.024,0.028,-0.844,0.535,0.000,-0.003,-0.004,0.699,0.203,-9.786
249,234.457,-30.367,49.663,10.057,0.026,0.005,-0.861,0.507,0.000,0.000,0.000,-1.000,0.026,0.005,-0.861,0.507,0.076,-0.094,-0.204,0.216,-0.234,-9.792
250,235.193,-30.480,49.427,10.061,0.006,0.001,0.900,-0.435,0.000,0.000,0.000,-1.000,-0.006,-0.001,-0.900,0.435,0.021,-0.038,-0.243,-0.283,0.007,-9.813
251,236.028,-30.558,49.261,10.064,-0.003,-0.006,0.946,-0.324,0.000,0.000,0.000,-1.000,0.003,0.006,-0.946,0.324,0.000,0.055,-0.318,0.011,0.046,-9.811
252,236.763,-30.681,49.110,10.069,-0.029,-0.021,0.954,-0.298,0.000,0.000,0.000,-1.000,0.029,0.021,-0.954,0.298,0.038,0.056,0.004,0.889,0.192,-9.767
253,237.933,-31.068,48.784,10.073,-0.019,-0.017,0.954,-0.297,0.000,0.000,0.000,-1.000,0.019,0.017,-0.954,0.297,0.002,-0.031,-0.003,0.549,0.192,-9.796
254,239.102,-31.575,48.406,10.069,-0.029,-0.020,0.955,-0.295,0.000,0.000,0.000,-1.000,0.029,0.020,-0.955,0.295,0.000,0.031,-0.004,0.698,0.200,-9.789
255,239.904,-31.955,48.135,10.063,-0.031,-0.021,0.955,-0.294,0.000,0.000,0.000,-1.000,0.031,0.021,-0.955,0.294,0.001,-0.016,-0.004,0.717,0.201,-9.787
256,240.640,-32.316,47.883,10.055,-0.026,-0.019,0.956,-0.293,0.000,0.000,0.000,-1.000,0.026,0.019,-0.956,0.293,0.000,-0.005,-0.003,0.602,0.201,-9.787
257,241.475,-32.734,47.595,10.047,-0.029,-0.020,0.956,-0.291,0.000,0.000,0.000,-1.000,0.029,0.020,-0.956,0.291,0.000,0.012,-0.003,0.661,0.202,-9.782
258,242.211,-33.106,47.341,10.043,-0.031,-0.020,0.956,-0.290,0.000,0.000,0.000,-1.000,0.031,0.020,-0.956,0.290,0.000,-0.003,-0.002,0.695,0.202,-9.780
259,243.379,-33.702,46.938,10.040,-0.028,-0.019,0.957,-0.289,0.000,0.000,0.000,-1.000,0.028,0.019,-0.957,0.289,0.000,0.001,-0.002,0.643,0.202,-9.783
260,244.549,-34.302,46.536,10.041,-0.030,-0.020,0.957,-0.288,0.000,0.000,0.000,-1.000,0.030,0.020,-0.957,0.288,0.000,0.000,-0.003,0.672,0.202,-9.784
261,245.685,-34.887,46.147,10.043,-0.029,-0.020,0.957,-0.286,0.000,0.000,0.000,-1.000,0.029,0.020,-0.957,0.286,0.000,-0.001,-0.003,0.655,0.202,-9.786
262,246.520,-35.318,45.861,10.044,-0.029,-0.020,0.958,-0.285,0.000,0.000,0.000,-1.000,0.029,0.020,-0.958,0.285,0.000,0.001,-0.003,0.660,0.202,-9.787
263,247.256,-35.699,45.611,10.044,-0.029,-0.020,0.958,-0.284,0.000,0.000,0.000,-1.000,0.029,0.020,-0.958,0.284,0.000,-0.000,-0.004,0.662,0.202,-9.788
264,248.426,-36.306,45.214,10.041,-0.029,-0.019,0.959,-0.282,0.000,0.000,0.000,-1.000,0.029,0.019,-0.959,0.282,0.000,0.000,-0.003,0.660,0.202,-9.787
265,249.595,-36.916,44.819,10.038,-0.030,-0.019,0.959,-0.280,0.000,0.000,0.000,-1.000,0.030,0.019,-0.959,0.280,0.000,0.000,-0.003,0.664,0.202,-9.786
266,250.731,-37.528,44.426,10.035,-0.030,-0.019,0.960,-0.278,0.000,0.000,0.000,-1.000,0.030,0.019,-0.960,0.278,0.000,0.000,-0.003,0.666,0.202,-9.784
267,251.901,-38.143,44.034,10.034,-0.030,-0.019,0.960,-0.277,0.000,0.000,0.000,-1.000,0.030,0.019,-0.960,0.277,0.000,0.000,-0.003,0.667,0.202,-9.784
268,253.070,-38.759,43.644,10.035,-0.030,-0.019,0.961,-0.275,0.000,0.000,0.000,-1.000,0.030,0.019,-0.961,0.275,0.000,0.000,-0.003,0.666,0.202,-9.784
269,254.240,-39.377,43.255,10.037,-0.030,-0.019,0.961,-0.274,0.000,0.000,0.000,-1.000,0.030,0.019,-0.961,0.274,0.000,0.000,-0.003,0.666,0.202,-9.786
270,255.376,-39.979,42.880,10.038,-0.030,-0.019,0.962,-0.272,0.000,0.000,0.000,-1.000,0.030,0.019,-0.962,0.272,0.000,0.000,-0.003,0.666,0.202,-9.786
271,256.546,-40.602,42.495,10.036,-0.030,-0.019,0.962,-0.270,0.000,0.000,0.000,-1.000,0.030,0.019,-0.962,0.270,0.000,0.000,-0.003,0.667,0.202,-9.786
272,257.715,-41.226,42.111,10.034,-0.030,-0.019,0.963,-0.268,0.000,0.000,0.000,-1.000,0.030,0.019,-0.963,0.268,0.000,0.000,-0.003,0.669,0.202,-9.786
273,258.885,-41.853,41.729,10.031,-0.030,-0.019,0.963,-0.267,0.000,0.000,0.000,-1.000,0.030,0.019,-0.963,0.267,0.000,0.000,-0.003,0.671,0.202,-9.784
274,260.022,-42.464,41.360,10.030,-0.030,-0.019,0.963,-0.265,0.000,0.000,0.000,-1.000,0.030,0.019,-0.963,0.265,0.000,0.000,-0.003,0.672,0.202,-9.784
275,261.190,-43.095,40.982,10.031,-0.030,-0.019,0.964,-0.264,0.000,0.000,0.000,-1.000,0.030,0.019,-0.964,0.264,0.000,0.000,-0.003,0.672,0.202,-9.784
276,262.026,-43.547,40.713,10.032,-0.030,-0.019,0.964,-0.263,0.000,0.000,0.000,-1.000,0.030,0.019,-0.964,0.263,0.000,-0.000,-0.003,0.672,0.202,-9.785
277,262.761,-43.946,40.476,10.033,-0.030,-0.019,0.964,-0.262,0.000,0.000,0.000,-1.000,0.030,0.019,-0.964,0.262,0.000,-0.000,-0.003,0.671,0.202,-9.786
278,263.897,-44.581,40.102,10.033,-0.030,-0.019,0.965,-0.260,0.000,0.000,0.000,-1.000,0.030,0.019,-0.965,0.260,0.000,0.000,-0.003,0.672,0.202,-9.786
279,265.066,-45.219,39.729,10.032,-0.030,-0.019,0.965,-0.258,0.000,0.000,0.000,-1.000,0.030,0.019,-0.965,0.258,0.000,0.000,-0.003,0.674,0.202,-9.785
280,266.236,-45.783,39.400,10.038,-0.015,-0.009,0.949,-0.314,0.000,0.000,0.000,-1.000,0.015,0.009,-0.949,0.314,-0.026,-0.070,0.189,0.107,0.106,-9.790
281,267.372,-46.092,39.219,10.059,-0.001,0.001,0.902,-0.432,0.000,0.000,0.000,-1.000,0.001,-0.001,-0.902,0.432,0.009,0.024,0.263,-0.109,0.022,-9.813
282,268.542,-46.269,39.117,10.075,0.008,0.004,-0.818,0.576,0.000,0.000,0.000,-1.000,0.008,0.004,-0.818,0.576,-0.007,-0.018,0.290,0.121,0.019,-9.813
283,269.711,-46.370,39.058,10.080,-0.000,-0.002,-0.708,0.706,0.000,0.000,0.000,-1.000,-0.000,-0.002,-0.708,0.706,0.003,0.007,0.306,-0.055,0.011,-9.820
284,270.915,-46.429,39.026,10.072,0.003,0.004,-0.564,0.826,0.000,0.000,0.000,-1.000,0.003,0.004,-0.564,0.826,-0.007,-0.004,0.318,0.101,0.010,-9.817
285,272.085,-46.412,38.925,10.064,0.005,0.032,-0.486,0.873,0.000,0.000,0.000,-1.000,0.005,0.032,-0.486,0.873,0.037,0.111,0.002,0.857,0.220,-9.764
286,273.295,-46.200,38.545,10.060,0.008,0.035,-0.488,0.872,0.000,0.000,0.000,-1.000,0.009,0.036,-0.488,0.872,0.002,-0.067,-0.003,0.816,0.200,-9.776
287,274.465,-45.895,38.030,10.055,0.008,0.035,-0.490,0.871,0.000,0.000,0.000,-1.000,0.008,0.035,-0.490,0.871,-0.000,0.051,-0.003,0.709,0.207,-9.779
288,275.634,-45.567,37.485,10.053,0.010,0.040,-0.492,0.870,0.000,0.000,0.000,-1.000,0.010,0.040,-0.492,0.870,0.000,-0.030,-0.004,0.788,0.205,-9.778
289,276.470,-45.325,37.085,10.050,0.007,0.034,-0.493,0.869,0.000,0.000,0.000,-1.000,0.007,0.034,-0.493,0.869,0.000,0.006,-0.003,0.643,0.204,-9.784
290,277.238,-45.103,36.714,10.049,0.010,0.039,-0.494,0.869,0.000,0.000,0.000,-1.000,0.010,0.039,-0.494,0.869,0.000,0.015,-0.003,0.768,0.204,-9.778
291,278.408,-44.763,36.145,10.047,0.009,0.037,-0.496,0.868,0.000,0.000,0.000,-1.000,0.009,0.037,-0.496,0.868,0.000,-0.011,-0.003,0.721,0.204,-9.781
292,279.577,-44.425,35.575,10.044,0.010,0.038,-0.497,0.867,0.000,0.000,0.000,-1.000,0.010,0.038,-0.497,0.867,0.000,0.008,-0.003,0.735,0.203,-9.781
293,280.780,-44.079,34.986,10.042,0.010,0.038,-0.499,0.866,0.000,0.000,0.000,-1.000,0.010,0.038,-0.499,0.866,0.000,-0.005,-0.003,0.735,0.203,-9.780
294,281.949,-43.785,34.487,10.046,0.009,0.004,-0.552,0.834,0.000,0.000,0.000,-1.000,0.009,0.004,-0.552,0.834,-0.032,-0.107,-0.228,-0.054,-0.147,-9.800
295,283.119,-43.636,34.227,10.057,-0.001,0.004,-0.678,0.735,0.000,0.000,0.000,-1.000,-0.001,0.004,-0.678,0.735,-0.016,0.067,-0.315,-0.050,0.026,-9.812
296,283.988,-43.578,34.092,10.064,0.007,0.026,-0.745,0.667,0.000,0.000,0.000,-1.000,0.007,0.026,-0.745,0.667,-0.034,0.045,-0.015,0.715,0.283,-9.776
297,284.723,-43.564,33.852,10.068,0.015,0.027,-0.746,0.665,0.000,0.000,0.000,-1.000,0.015,0.027,-0.746,0.665,-0.010,-0.010,-0.007,0.767,0.168,-9.795
298,285.892,-43.590,33.295,10.062,0.008,0.021,-0.749,0.662,0.000,0.000,0.000,-1.000,0.008,0.021,-0.749,0.662,-0.003,0.010,-0.007,0.456,0.199,-9.800
299,287.095,-43.653,32.624,10.051,0.016,0.029,-0.751,0.659,0.000,0.000,0.000,-1.000,0.016,0.029,-0.751,0.659,0.001,-0.001,-0.007,0.638,0.200,-9.791
300,288.265,-43.734,31.918,10.040,0.011,0.024,-0.753,0.657,0.000,0.000,0.000,-1.000,0.011,0.024,-0.753,0.657,0.000,0.000,-0.004,0.480,0.200,-9.791
301,289.468,-43.824,31.204,10.038,0.016,0.028,-0.754,0.656,0.000,0.000,0.000,-1.000,0.016,0.028,-0.754,0.656,0.000,0.002,-0.003,0.593,0.201,-9.785
302,290.637,-43.917,30.508,10.044,0.013,0.025,-0.755,0.655,0.000,0.000,0.000,-1.000,0.013,0.025,-0.755,0.655,0.000,-0.003,-0.002,0.512,0.202,-9.789
303,291.473,-43.985,30.013,10.051,0.014,0.026,-0.756,0.654,0.000,0.000,0.000,-1.000,0.014,0.026,-0.756,0.654,0.000,0.006,-0.004,0.542,0.202,-9.793
304,292.209,-44.047,29.578,10.056,0.015,0.026,-0.757,0.652,0.000,0.000,0.000,-1.000,0.015,0.026,-0.757,0.652,0.000,-0.002,-0.006,0.558,0.202,-9.798
305,293.412,-44.151,28.866,10.057,0.014,0.025,-0.760,0.649,0.000,0.000,0.000,-1.000,0.014,0.025,-0.760,0.649,0.000,0.002,-0.007,0.529,0.201,-9.798
306,294.580,-44.256,28.174,10.052,0.015,0.026,-0.762,0.646,0.000,0.000,0.000,-1.000,0.015,0.026,-0.762,0.646,0.000,-0.000,-0.006,0.554,0.201,-9.795
307,295.750,-44.367,27.484,10.045,0.014,0.026,-0.765,0.644,0.000,0.000,0.000,-1.000,0.014,0.026,-0.765,0.644,0.000,0.000,-0.006,0.537,0.201,-9.793
308,296.953,-44.485,26.776,10.040,0.015,0.026,-0.766,0.642,0.000,0.000,0.000,-1.000,0.015,0.026,-0.766,0.642,0.000,0.000,-0.004,0.552,0.202,-9.790
309,298.123,-44.604,26.089,10.040,0.015,0.026,-0.767,0.640,0.000,0.000,0.000,-1.000,0.015,0.026,-0.767,0.640,0.000,-0.000,-0.003,0.543,0.202,-9.789
310,298.958,-44.691,25.599,10.043,0.015,0.026,-0.768,0.639,0.000,0.000,0.000,-1.000,0.015,0.026,-0.768,0.639,0.000,0.001,-0.004,0.546,0.202,-9.791
311,299.693,-44.769,25.170,10.046,0.015,0.026,-0.769,0.638,0.000,0.000,0.000,-1.000,0.015,0.026,-0.769,0.638,0.000,-0.000,-0.005,0.547,0.202,-9.794
312,300.896,-44.902,24.449,10.049,0.015,0.026,-0.771,0.636,0.000,0.000,0.000,-1.000,0.015,0.026,-0.771,0.636,0.000,0.001,-0.005,0.545,0.202,-9.795
313,302.066,-45.032,23.768,10.049,0.015,0.026,-0.774,0.633,0.000,0.000,0.000,-1.000,0.015,0.026,-0.774,0.633,0.000,0.000,-0.006,0.549,0.202,-9.795
314,303.235,-45.166,23.088,10.046,0.015,0.026,-0.776,0.630,0.000,0.000,0.000,-1.000,0.015,0.026,-0.776,0.630,0.000,0.000,-0.006,0.547,0.202,-9.794
315,304.439,-45.308,22.391,10.041,0.015,0.026,-0.778,0.628,0.000,0.000,0.000,-1.000,0.015,0.026,-0.778,0.628,0.000,0.000,-0.005,0.550,0.202,-9.792
316,305.609,-45.451,21.714,10.039,0.015,0.026,-0.779,0.626,0.000,0.000,0.000,-1.000,0.015,0.026,-0.779,0.626,0.000,0.000,-0.004,0.550,0.202,-9.791
317,306.443,-45.554,21.232,10.039,0.015,0.026,-0.780,0.625,0.000,0.000,0.000,-1.000,0.015,0.026,-0.780,0.625,0.000,0.000,-0.004,0.551,0.202,-9.790
318,307.178,-45.647,20.808,10.040,0.015,0.026,-0.781,0.624,0.000,0.000,0.000,-1.000,0.015,0.026,-0.781,0.624,0.000,-0.000,-0.004,0.551,0.202,-9.791
319,308.381,-45.801,20.117,10.043,0.015,0.026,-0.783,0.622,0.000,0.000,0.000,-1.000,0.015,0.026,-0.783,0.622,0.000,0.000,-0.005,0.550,0.202,-9.793
320,309.551,-45.954,19.446,10.045,0.016,0.026,-0.784,0.620,0.000,0.000,0.000,-1.000,0.016,0.026,-0.784,0.620,0.000,0.000,-0.005,0.552,0.202,-9.794
321,310.721,-46.111,18.777,10.044,0.016,0.026,-0.786,0.617,0.000,0.000,0.000,-1.000,0.016,0.026,-0.786,0.617,0.000,0.000,-0.005,0.552,0.202,-9.794
322,311.890,-46.271,18.109,10.041,0.016,0.026,-0.788,0.615,0.000,0.000,0.000,-1.000,0.016,0.026,-0.788,0.615,0.000,0.000,-0.005,0.553,0.202,-9.793
323,313.094,-46.440,17.423,10.038,0.016,0.026,-0.790,0.613,0.000,0.000,0.000,-1.000,0.016,0.026,-0.790,0.613,0.000,0.000,-0.005,0.554,0.202,-9.792
324,314.263,-46.588,16.830,10.045,0.005,0.011,-0.741,0.671,0.000,0.000,0.000,-1.000,0.005,0.011,-0.741,0.671,-0.030,-0.061,0.234,0.000,0.138,-9.792
325,315.433,-46.662,16.529,10.065,0.002,0.000,-0.629,0.777,0.000,0.000,0.000,-1.000,0.002,0.000,-0.629,0.777,0.012,0.030,0.292,-0.068,0.025,-9.814
326,316.636,-46.703,16.371,10.078,0.003,0.005,-0.478,0.878,0.000,0.000,0.000,-1.000,0.003,0.005,-0.478,0.878,-0.005,-0.025,0.304,0.083,0.026,-9.815
327,317.471,-46.717,16.308,10.080,-0.000,-0.002,-0.364,0.932,0.000,0.000,0.000,-1.000,-0.000,-0.002,-0.364,0.932,0.004,-0.001,0.310,-0.064,0.019,-9.821
328,318.208,-46.727,16.274,10.076,0.002,0.002,-0.254,0.967,0.000,0.000,0.000,-1.000,0.002,0.002,-0.254,0.967,-0.002,0.019,0.315,0.047,0.001,-9.818
329,319.410,-46.537,16.136,10.071,0.001,0.048,-0.231,0.972,0.000,0.000,0.000,-1.000,0.001,0.048,-0.231,0.972,-0.012,0.017,-0.008,1.153,0.206,-9.763
330,320.579,-46.073,15.882,10.050,-0.004,0.029,-0.234,0.972,0.000,0.000,0.000,-1.000,-0.004,0.029,-0.234,0.972,-0.001,-0.008,-0.005,0.627,0.209,-9.787
331,321.748,-45.489,15.574,10.030,0.001,0.047,-0.236,0.971,0.000,0.000,0.000,-1.000,0.001,0.047,-0.236,0.971,0.000,0.020,-0.004,0.935,0.204,-9.766
332,322.918,-44.855,15.244,10.016,-0.001,0.041,-0.237,0.971,0.000,0.000,0.000,-1.000,-0.001,0.041,-0.237,0.971,0.000,-0.011,-0.001,0.793,0.203,-9.766
333,324.087,-44.203,14.905,10.016,0.000,0.045,-0.237,0.971,0.000,0.000,0.000,-1.000,0.000,0.045,-0.237,0.971,0.000,0.009,-0.000,0.859,0.202,-9.762
334,325.257,-43.546,14.564,10.026,-0.000,0.043,-0.237,0.971,0.000,0.000,0.000,-1.000,-0.000,0.043,-0.237,0.971,0.000,-0.006,-0.001,0.824,0.202,-9.769
335,326.427,-42.888,14.223,10.036,-0.000,0.043,-0.238,0.970,0.000,0.000,0.000,-1.000,-0.000,0.043,-0.238,0.970,0.000,0.004,-0.003,0.819,0.202,-9.777
336,327.596,-42.212,13.871,10.036,0.000,0.043,-0.241,0.970,0.000,0.000,0.000,-1.000,0.000,0.043,-0.241,0.970,0.000,-0.002,-0.005,0.822,0.202,-9.782
337,328.431,-41.766,13.639,10.032,0.015,0.027,-0.267,0.963,0.000,0.000,0.000,-1.000,0.015,0.027,-0.267,0.963,0.066,-0.095,-0.159,0.318,-0.190,-9.787
338,329.166,-41.493,13.494,10.033,-0.002,-0.002,-0.336,0.942,0.000,0.000,0.000,-1.000,-0.002,-0.002,-0.336,0.942,0.016,-0.048,-0.215,-0.233,-0.000,-9.812
339,330.003,-41.287,13.385,10.034,-0.001,0.006,-0.436,0.900,0.000,0.000,0.000,-1.000,-0.001,0.006,-0.436,0.900,-0.001,0.052,-0.298,-0.006,0.037,-9.809
340,330.737,-41.114,13.251,10.039,0.004,0.036,-0.456,0.889,0.000,0.000,0.000,-1.000,0.004,0.036,-0.456,0.889,0.033,0.067,0.006,0.857,0.202,-9.767
341,331.939,-40.752,12.846,10.044,0.001,0.026,-0.457,0.889,0.000,0.000,0.000,-1.000,0.001,0.026,-0.457,0.889,0.002,-0.039,-0.002,0.524,0.191,-9.795
342,333.109,-40.369,12.355,10.044,0.005,0.033,-0.458,0.888,0.000,0.000,0.000,-1.000,0.005,0.033,-0.458,0.888,0.000,0.033,-0.004,0.646,0.199,-9.791
343,333.946,-40.091,11.981,10.041,0.006,0.035,-0.460,0.887,0.000,0.000,0.000,-1.000,0.006,0.035,-0.460,0.887,0.001,-0.020,-0.005,0.671,0.201,-9.790
344,334.683,-39.846,11.643,10.036,0.003,0.029,-0.461,0.887,0.000,0.000,0.000,-1.000,0.003,0.029,-0.461,0.887,0.000,-0.007,-0.004,0.532,0.202,-9.792
345,335.551,-39.557,11.239,10.031,0.005,0.032,-0.463,0.886,0.000,0.000,0.000,-1.000,0.005,0.032,-0.463,0.886,0.000,0.014,-0.003,0.606,0.202,-9.787
346,336.286,-39.314,10.895,10.028,0.006,0.034,-0.464,0.885,0.000,0.000,0.000,-1.000,0.006,0.034,-0.464,0.885,0.000,-0.005,-0.003,0.639,0.203,-9.785
347,337.455,-38.929,10.345,10.027,0.004,0.031,-0.465,0.885,0.000,0.000,0.000,-1.000,0.004,0.031,-0.465,0.885,0.000,0.002,-0.003,0.570,0.203,-9.788
348,338.626,-38.547,9.793,10.029,0.005,0.033,-0.467,0.884,0.000,0.000,0.000,-1.000,0.005,0.033,-0.467,0.884,0.000,-0.000,-0.003,0.613,0.203,-9.788
349,339.494,-38.265,9.383,10.031,0.005,0.031,-0.468,0.883,0.000,0.000,0.000,-1.000,0.005,0.031,-0.468,0.883,0.000,-0.003,-0.003,0.587,0.203,-9.790
350,340.229,-38.016,9.019,10.032,0.005,0.031,-0.470,0.882,0.000,0.000,0.000,-1.000,0.005,0.031,-0.470,0.882,0.000,0.002,-0.004,0.587,0.203,-9.792
351,341.400,-37.640,8.464,10.032,0.005,0.032,-0.472,0.881,0.000,0.000,0.000,-1.000,0.005,0.032,-0.472,0.881,0.000,-0.001,-0.004,0.598,0.203,-9.791
352,342.568,-37.267,7.907,10.030,0.005,0.031,-0.474,0.880,0.000,0.000,0.000,-1.000,0.005,0.031,-0.474,0.880,0.000,0.001,-0.004,0.589,0.203,-9.791
353,343.771,-36.885,7.332,10.028,0.005,0.032,-0.476,0.879,0.000,0.000,0.000,-1.000,0.005,0.032,-0.476,0.879,0.000,-0.000,-0.004,0.595,0.203,-9.790
354,344.940,-36.517,6.772,10.027,0.005,0.031,-0.478,0.878,0.000,0.000,0.000,-1.000,0.005,0.031,-0.478,0.878,0.000,0.000,-0.004,0.591,0.203,-9.789
355,346.110,-36.151,6.210,10.027,0.005,0.032,-0.479,0.877,0.000,0.000,0.000,-1.000,0.005,0.032,-0.479,0.877,0.000,-0.000,-0.003,0.593,0.203,-9.789
356,346.979,-35.880,5.792,10.028,0.005,0.031,-0.481,0.876,0.000,0.000,0.000,-1.000,0.005,0.031,-0.481,0.876,0.000,-0.000,-0.003,0.591,0.203,-9.790
357,347.714,-35.653,5.438,10.029,0.005,0.031,-0.482,0.876,0.000,0.000,0.000,-1.000,0.005,0.031,-0.482,0.876,0.000,0.000,-0.004,0.590,0.203,-9.790
358,348.883,-35.293,4.873,10.030,0.005,0.031,-0.484,0.875,0.000,0.000,0.000,-1.000,0.005,0.031,-0.484,0.875,0.000,-0.000,-0.004,0.590,0.203,-9.791
359,350.053,-34.935,4.307,10.029,0.005,0.031,-0.486,0.873,0.000,0.000,0.000,-1.000,0.005,0.031,-0.486,0.873,0.000,0.000,-0.004,0.589,0.203,-9.791
360,351.256,-34.570,3.723,10.028,0.006,0.031,-0.488,0.872,0.000,0.000,0.000,-1.000,0.006,0.031,-0.488,0.872,0.000,0.000,-0.004,0.589,0.203,-9.791
361,352.426,-34.218,3.153,10.027,0.006,0.031,-0.490,0.871,0.000,0.000,0.000,-1.000,0.006,0.031,-0.490,0.871,0.000,0.000,-0.004,0.589,0.203,-9.790
362,353.594,-33.868,2.582,10.027,0.006,0.031,-0.492,0.870,0.000,0.000,0.000,-1.000,0.006,0.031,-0.492,0.870,0.000,0.000,-0.004,0.588,0.203,-9.790
363,354.764,-33.511,1.993,10.027,0.006,0.031,-0.494,0.869,0.000,0.000,0.000,-1.000,0.006,0.031,-0.494,0.869,0.000,0.000,-0.004,0.588,0.203,-9.790
364,355.966,-33.157,1.403,10.028,0.006,0.031,-0.496,0.868,0.000,0.000,0.000,-1.000,0.006,0.031,-0.496,0.868,0.000,0.000,-0.004,0.587,0.203,-9.790
365,357.136,-32.815,0.827,10.029,0.006,0.031,-0.498,0.867,0.000,0.000,0.000,-1.000,0.006,0.031,-0.498,0.867,0.000,0.000,-0.004,0.586,0.203,-9.791
366,357.971,-32.572,0.415,10.029,0.006,0.031,-0.499,0.866,0.000,0.000,0.000,-1.000,0.006,0.031,-0.499,0.866,0.000,0.000,-0.004,0.586,0.203,-9.791
367,358.740,-32.350,0.036,10.028,0.006,0.031,-0.500,0.865,0.000,0.000,0.000,-1.000,0.006,0.031,-0.500,0.865,0.000,0.000,-0.004,0.585,0.203,-9.791
368,359.909,-32.015,-0.543,10.028,0.006,0.031,-0.502,0.864,0.000,0.000,0.000,-1.000,0.006,0.031,-0.502,0.864,0.000,0.000,-0.004,0.585,0.203,-9.790
369,361.079,-31.723,-1.048,10.035,0.002,0.014,-0.447,0.895,0.000,0.000,0.000,-1.000,0.002,0.014,-0.447,0.895,-0.030,-0.065,0.217,0.052,0.113,-9.792
370,362.282,-31.568,-1.315,10.055,0.001,0.000,-0.310,0.951,0.000,0.000,0.000,-1.000,0.001,-0.000,-0.314,0.949,0.010,0.028,0.288,-0.098,0.024,-9.814
371,363.451,-31.494,-1.445,10.067,0.002,0.007,-0.137,0.991,0.000,0.000,0.000,-1.000,0.002,0.007,-0.137,0.991,-0.006,-0.023,0.299,0.102,0.025,-9.815
372,364.622,-31.454,-1.511,10.068,0.001,-0.001,0.038,0.999,0.000,0.000,0.000,-1.000,0.001,-0.001,0.038,0.999,0.003,0.012,0.315,-0.045,0.009,-9.820
373,365.423,-31.414,-1.534,10.063,-0.016,0.014,0.126,0.992,0.000,0.000,0.000,-1.000,-0.016,0.014,0.126,0.992,-0.053,0.105,0.032,0.657,0.324,-9.773
374,366.158,-31.222,-1.505,10.059,-0.015,0.046,0.125,0.991,0.000,0.000,0.000,-1.000,-0.015,0.046,0.125,0.991,-0.011,0.032,-0.008,1.197,0.192,-9.760
375,366.959,-30.863,-1.430,10.045,-0.014,0.033,0.123,0.992,0.000,0.000,0.000,-1.000,-0.014,0.033,0.123,0.992,0.002,-0.051,-0.004,0.837,0.201,-9.777
376,367.695,-30.432,-1.331,10.028,-0.014,0.031,0.121,0.992,0.000,0.000,0.000,-1.000,-0.014,0.031,0.121,0.992,0.001,0.036,-0.004,0.717,0.204,-9.781
377,368.831,-29.708,-1.160,10.005,-0.016,0.048,0.120,0.992,0.000,0.000,0.000,-1.000,-0.016,0.048,0.120,0.992,0.000,-0.003,-0.002,1.019,0.201,-9.752
378,369.967,-28.936,-0.974,9.988,-0.015,0.041,0.119,0.992,0.000,0.000,0.000,-1.000,-0.015,0.041,0.119,0.992,0.000,0.001,-0.001,0.852,0.200,-9.762
379,371.136,-28.123,-0.777,9.986,-0.016,0.047,0.119,0.992,0.000,0.000,0.000,-1.000,-0.016,0.047,0.119,0.992,-0.000,0.003,0.001,0.958,0.199,-9.751
380,371.938,-27.562,-0.640,9.992,-0.016,0.045,0.120,0.992,0.000,0.000,0.000,-1.000,-0.016,0.045,0.120,0.992,-0.000,-0.008,0.000,0.913,0.199,-9.759
381,372.674,-27.047,-0.514,9.998,-0.015,0.044,0.119,0.992,0.000,0.000,0.000,-1.000,-0.015,0.044,0.119,0.992,0.000,0.000,-0.002,0.884,0.199,-9.770
382,373.476,-26.486,-0.377,10.004,-0.016,0.045,0.118,0.992,0.000,0.000,0.000,-1.000,-0.016,0.045,0.118,0.992,0.000,0.002,-0.003,0.907,0.200,-9.774
383,374.211,-25.971,-0.252,10.005,-0.016,0.045,0.117,0.992,0.000,0.000,0.000,-1.000,-0.016,0.045,0.117,0.992,0.000,-0.002,-0.003,0.905,0.199,-9.773
384,375.014,-25.407,-0.116,10.002,-0.015,0.044,0.115,0.992,0.000,0.000,0.000,-1.000,-0.015,0.044,0.115,0.992,0.000,0.001,-0.003,0.898,0.199,-9.772
385,375.748,-24.966,-0.008,10.003,0.004,0.020,0.067,0.998,0.000,0.000,0.000,-1.000,0.004,0.020,0.067,0.998,-0.020,-0.110,-0.180,0.149,-0.138,-9.796
386,376.884,-24.510,0.100,10.013,-0.003,0.003,-0.055,0.998,0.000,0.000,0.000,-1.000,-0.003,0.003,-0.055,0.998,-0.013,0.047,-0.259,-0.071,0.012,-9.810
387,378.021,-24.134,0.146,10.026,-0.009,0.034,-0.130,0.991,0.000,0.000,0.000,-1.000,-0.009,0.034,-0.130,0.991,0.031,0.048,0.008,0.880,0.220,-9.768
388,379.190,-23.493,0.072,10.033,-0.007,0.032,-0.130,0.991,0.000,0.000,0.000,-1.000,-0.007,0.032,-0.130,0.991,0.003,-0.015,-0.001,0.710,0.196,-9.792
389,380.026,-22.949,-0.030,10.028,-0.007,0.036,-0.131,0.991,0.000,0.000,0.000,-1.000,-0.007,0.036,-0.131,0.991,0.002,0.024,-0.003,0.720,0.199,-9.791
390,380.761,-22.447,-0.139,10.020,-0.005,0.042,-0.132,0.990,0.000,0.000,0.000,-1.000,-0.005,0.042,-0.132,0.990,0.001,0.005,-0.003,0.817,0.199,-9.782
391,381.897,-21.633,-0.334,10.000,-0.006,0.038,-0.133,0.990,0.000,0.000,0.000,-1.000,-0.006,0.038,-0.133,0.990,0.001,-0.002,-0.002,0.734,0.199,-9.778
392,383.066,-20.816,-0.543,9.984,-0.005,0.041,-0.134,0.990,0.000,0.000,0.000,-1.000,-0.005,0.041,-0.134,0.990,0.000,0.002,-0.002,0.777,0.199,-9.773
393,384.236,-20.003,-0.759,9.981,-0.005,0.040,-0.134,0.990,0.000,0.000,0.000,-1.000,-0.005,0.040,-0.134,0.990,0.000,-0.002,0.000,0.764,0.199,-9.768
394,385.372,-19.217,-0.972,9.990,-0.005,0.040,-0.134,0.990,0.000,0.000,0.000,-1.000,-0.005,0.040,-0.134,0.990,0.000,0.000,-0.000,0.756,0.199,-9.772
395,386.542,-18.413,-1.191,10.004,-0.005,0.039,-0.135,0.990,0.000,0.000,0.000,-1.000,-0.005,0.039,-0.135,0.990,0.000,-0.001,-0.002,0.743,0.199,-9.780
396,387.711,-17.611,-1.412,10.012,-0.005,0.039,-0.137,0.990,0.000,0.000,0.000,-1.000,-0.005,0.039,-0.137,0.990,0.000,0.000,-0.004,0.738,0.199,-9.787
397,388.513,-17.062,-1.564,10.011,-0.005,0.039,-0.139,0.990,0.000,0.000,0.000,-1.000,-0.005,0.039,-0.139,0.990,0.000,0.001,-0.005,0.743,0.199,-9.789
398,389.248,-16.559,-1.706,10.005,-0.005,0.039,-0.140,0.989,0.000,0.000,0.000,-1.000,-0.005,0.039,-0.140,0.989,0.000,0.000,-0.004,0.744,0.199,-9.785
399,390.418,-15.759,-1.934,9.992,-0.005,0.039,-0.142,0.989,0.000,0.000,0.000,-1.000,-0.005,0.039,-0.142,0.989,0.000,0.001,-0.003,0.747,0.199,-9.778
400,391.554,-14.984,-2.158,9.983,-0.005,0.039,-0.143,0.989,0.000,0.000,0.000,-1.000,-0.005,0.039,-0.143,0.989,0.000,-0.000,-0.002,0.751,0.199,-9.776
401,392.724,-14.189,-2.391,9.981,-0.005,0.040,-0.144,0.989,0.000,0.000,0.000,-1.000,-0.005,0.040,-0.144,0.989,0.000,0.000,-0.001,0.754,0.199,-9.772
402,393.894,-13.397,-2.624,9.989,-0.005,0.039,-0.144,0.989,0.000,0.000,0.000,-1.000,-0.005,0.039,-0.144,0.989,0.000,-0.001,-0.001,0.744,0.200,-9.775
403,395.030,-12.608,-2.858,9.999,-0.005,0.039,-0.146,0.989,0.000,0.000,0.000,-1.000,-0.005,0.039,-0.146,0.989,0.000,-0.000,-0.002,0.737,0.200,-9.781
404,396.202,-11.820,-3.093,10.005,-0.005,0.038,-0.147,0.988,0.000,0.000,0.000,-1.000,-0.005,0.038,-0.147,0.988,0.000,-0.000,-0.003,0.733,0.200,-9.785
405,397.370,-11.034,-3.331,10.002,-0.005,0.039,-0.150,0.988,0.000,0.000,0.000,-1.000,-0.005,0.039,-0.150,0.988,0.000,0.000,-0.004,0.735,0.200,-9.786
406,398.506,-10.271,-3.565,9.993,-0.004,0.039,-0.152,0.988,0.000,0.000,0.000,-1.000,-0.004,0.039,-0.152,0.988,0.000,0.000,-0.004,0.737,0.200,-9.783
407,399.676,-9.487,-3.808,9.984,-0.004,0.039,-0.153,0.987,0.000,0.000,0.000,-1.000,-0.004,0.039,-0.153,0.987,0.000,0.000,-0.002,0.742,0.200,-9.777
408,400.478,-8.951,-3.977,9.981,-0.004,0.039,-0.154,0.987,0.000,0.000,0.000,-1.000,-0.004,0.039,-0.154,0.987,0.000,0.000,-0.001,0.744,0.200,-9.774
409,401.214,-8.460,-4.131,9.982,-0.004,0.039,-0.154,0.987,0.000,0.000,0.000,-1.000,-0.004,0.039,-0.154,0.987,0.000,-0.000,-0.001,0.743,0.200,-9.774
410,402.383,-7.682,-4.378,9.989,-0.004,0.039,-0.155,0.987,0.000,0.000,0.000,-1.000,-0.004,0.039,-0.155,0.987,0.000,-0.001,-0.002,0.734,0.200,-9.779
411,403.553,-6.907,-4.626,9.996,-0.004,0.038,-0.156,0.987,0.000,0.000,0.000,-1.000,-0.004,0.038,-0.156,0.987,0.000,0.000,-0.002,0.730,0.200,-9.782
412,404.695,-6.133,-4.875,9.999,-0.004,0.038,-0.158,0.987,0.000,0.000,0.000,-1.000,-0.004,0.038,-0.158,0.987,0.000,-0.000,-0.003,0.728,0.200,-9.785
413,405.833,-5.383,-5.120,9.997,-0.004,0.038,-0.160,0.986,0.000,0.000,0.000,-1.000,-0.004,0.038,-0.160,0.986,0.000,0.000,-0.004,0.729,0.200,-9.784
414,407.006,-4.611,-5.374,9.990,-0.004,0.039,-0.162,0.986,0.000,0.000,0.000,-1.000,-0.004,0.039,-0.162,0.986,0.000,-0.000,-0.003,0.731,0.200,-9.782
415,408.180,-3.923,-5.602,9.993,-0.001,0.020,-0.106,0.994,0.000,0.000,0.000,-1.000,-0.001,0.020,-0.106,0.994,-0.024,-0.071,0.178,0.160,0.100,-9.788
416,409.024,-3.607,-5.706,10.009,0.001,0.000,-0.022,1.000,0.000,0.000,0.000,-1.000,0.001,0.000,-0.022,1.000,-0.009,-0.007,0.221,-0.147,0.016,-9.810
417,409.777,-3.407,-5.773,10.022,0.002,0.008,0.074,0.997,0.000,0.000,0.000,-1.000,0.002,0.008,0.074,0.997,-0.005,0.027,0.272,0.061,-0.016,-9.812
418,410.902,-3.209,-5.840,10.038,0.000,0.004,0.229,0.974,0.000,0.000,0.000,-1.000,0.000,0.004,0.229,0.974,-0.004,-0.026,0.277,0.027,0.022,-9.817
419,412.092,-3.084,-5.882,10.046,0.001,0.002,0.391,0.920,0.000,0.000,0.000,-1.000,0.001,0.002,0.391,0.920,-0.000,0.018,0.309,0.013,-0.001,-9.816
420,413.220,-2.957,-5.836,10.051,-0.026,0.023,0.470,0.882,0.000,0.000,0.000,-1.000,-0.026,0.023,0.470,0.882,0.038,0.099,-0.000,0.910,0.257,-9.763
421,415.558,-2.335,-5.033,10.036,-0.025,0.026,0.463,0.886,0.000,0.000,0.000,-1.000,-0.025,0.026,0.463,0.886,0.000,0.046,-0.006,0.712,0.208,-9.785
422,416.712,-1.964,-4.513,10.017,-0.028,0.031,0.459,0.887,0.000,0.000,0.000,-1.000,-0.028,0.031,0.459,0.887,0.000,-0.026,-0.005,0.800,0.205,-9.779
423,417.857,-1.594,-3.992,10.004,-0.026,0.027,0.459,0.888,0.000,0.000,0.000,-1.000,-0.026,0.027,0.459,0.888,0.000,0.016,-0.001,0.711,0.204,-9.772
424,419.028,-1.210,-3.450,10.005,-0.028,0.031,0.459,0.888,0.000,0.000,0.000,-1.000,-0.028,0.031,0.459,0.888,0.000,-0.009,0.000,0.797,0.204,-9.767
425,420.164,-0.826,-2.907,10.018,-0.026,0.028,0.459,0.888,0.000,0.000,0.000,-1.000,-0.026,0.028,0.459,0.888,0.000,0.004,-0.000,0.723,0.204,-9.775
426,420.966,-0.563,-2.536,10.029,-0.027,0.030,0.458,0.888,0.000,0.000,0.000,-1.000,-0.027,0.030,0.458,0.888,0.000,0.001,-0.003,0.758,0.204,-9.783
427,421.701,-0.322,-2.196,10.034,-0.027,0.029,0.456,0.889,0.000,0.000,0.000,-1.000,-0.027,0.029,0.456,0.889,0.000,-0.004,-0.006,0.742,0.204,-9.790
428,422.503,-0.057,-1.826,10.033,-0.026,0.028,0.454,0.890,0.000,0.000,0.000,-1.000,-0.026,0.028,0.454,0.890,0.000,0.002,-0.005,0.732,0.203,-9.788
429,423.241,0.140,-1.547,10.035,0.002,0.012,0.400,0.916,0.000,0.000,0.000,-1.000,0.002,0.012,0.400,0.916,-0.038,-0.110,-0.209,-0.027,-0.169,-9.799
430,424.378,0.317,-1.303,10.043,-0.003,0.000,0.263,0.965,0.000,0.000,0.000,-1.000,-0.003,0.000,0.263,0.965,-0.018,0.062,-0.313,-0.079,0.014,-9.812
431,425.514,0.585,-1.083,10.051,-0.020,0.038,0.237,0.971,0.000,0.000,0.000,-1.000,-0.020,0.038,0.237,0.971,-0.016,-0.007,-0.003,0.983,0.173,-9.775
432,426.685,1.080,-0.783,10.045,-0.016,0.018,0.235,0.972,0.000,0.000,0.000,-1.000,-0.016,0.018,0.235,0.972,-0.001,0.006,-0.004,0.478,0.202,-9.800
433,427.487,1.480,-0.559,10.036,-0.019,0.031,0.234,0.972,0.000,0.000,0.000,-1.000,-0.019,0.031,0.234,0.972,0.000,0.037,-0.004,0.726,0.200,-9.789
434,428.223,1.872,-0.348,10.027,-0.019,0.035,0.233,0.972,0.000,0.000,0.000,-1.000,-0.019,0.035,0.233,0.972,0.001,-0.015,-0.003,0.772,0.201,-9.778
435,429.025,2.316,-0.115,10.017,-0.017,0.028,0.232,0.972,0.000,0.000,0.000,-1.000,-0.017,0.028,0.232,0.972,0.000,-0.006,-0.002,0.625,0.201,-9.783
436,429.759,2.731,0.099,10.010,-0.018,0.031,0.231,0.972,0.000,0.000,0.000,-1.000,-0.018,0.031,0.231,0.972,0.000,0.015,-0.002,0.678,0.201,-9.779
437,430.895,3.399,0.441,10.006,-0.018,0.033,0.230,0.972,0.000,0.000,0.000,-1.000,-0.018,0.033,0.230,0.972,0.000,-0.007,-0.002,0.708,0.201,-9.778
438,432.065,4.073,0.782,10.007,-0.018,0.031,0.229,0.973,0.000,0.000,0.000,-1.000,-0.018,0.031,0.229,0.973,0.000,0.004,-0.002,0.678,0.201,-9.782
439,433.202,4.730,1.111,10.010,-0.018,0.032,0.227,0.973,0.000,0.000,0.000,-1.000,-0.018,0.032,0.227,0.973,0.000,-0.002,-0.002,0.700,0.201,-9.782
440,434.337,5.390,1.440,10.012,-0.018,0.031,0.226,0.974,0.000,0.000,0.000,-1.000,-0.018,0.031,0.226,0.974,0.000,0.001,-0.003,0.681,0.201,-9.786
441,435.508,6.071,1.776,10.011,-0.018,0.032,0.224,0.974,0.000,0.000,0.000,-1.000,-0.018,0.032,0.224,0.974,0.000,0.000,-0.004,0.693,0.201,-9.786
442,436.646,6.735,2.101,10.007,-0.018,0.032,0.222,0.974,0.000,0.000,0.000,-1.000,-0.018,0.032,0.222,0.974,0.000,0.000,-0.003,0.689,0.201,-9.785
443,437.452,7.205,2.329,10.004,-0.018,0.032,0.221,0.975,0.000,0.000,0.000,-1.000,-0.018,0.032,0.221,0.975,0.000,0.001,-0.003,0.694,0.201,-9.783
444,438.187,7.638,2.537,10.001,-0.018,0.032,0.220,0.975,0.000,0.000,0.000,-1.000,-0.018,0.032,0.220,0.975,0.000,0.000,-0.002,0.699,0.201,-9.781
445,438.989,8.110,2.764,10.000,-0.018,0.032,0.219,0.975,0.000,0.000,0.000,-1.000,-0.018,0.032,0.219,0.975,0.000,-0.000,-0.002,0.697,0.201,-9.781
446,439.724,8.544,2.971,10.000,-0.018,0.032,0.218,0.975,0.000,0.000,0.000,-1.000,-0.018,0.032,0.218,0.975,0.000,0.000,-0.002,0.696,0.201,-9.782
447,440.861,9.236,3.299,10.001,-0.018,0.032,0.217,0.976,0.000,0.000,0.000,-1.000,-0.018,0.032,0.217,0.976,0.000,0.000,-0.003,0.697,0.201,-9.783
448,442.030,9.930,3.625,10.002,-0.018,0.032,0.215,0.976,0.000,0.000,0.000,-1.000,-0.018,0.032,0.215,0.976,0.000,0.000,-0.003,0.696,0.201,-9.783
449,443.167,10.605,3.941,10.002,-0.018,0.032,0.213,0.976,0.000,0.000,0.000,-1.000,-0.018,0.032,0.213,0.976,0.000,0.000,-0.003,0.697,0.201,-9.784
450,443.969,11.083,4.162,10.001,-0.018,0.033,0.212,0.976,0.000,0.000,0.000,-1.000,-0.018,0.033,0.212,0.976,0.000,0.000,-0.003,0.698,0.201,-9.784
451,444.704,11.523,4.364,10.000,-0.018,0.033,0.211,0.977,0.000,0.000,0.000,-1.000,-0.018,0.033,0.211,0.977,0.000,0.000,-0.003,0.699,0.201,-9.783
452,445.843,12.203,4.676,9.999,-0.018,0.033,0.210,0.977,0.000,0.000,0.000,-1.000,-0.018,0.033,0.210,0.977,0.000,0.000,-0.003,0.700,0.201,-9.783
453,447.013,12.906,4.995,9.998,-0.018,0.033,0.208,0.977,0.000,0.000,0.000,-1.000,-0.018,0.033,0.208,0.977,0.000,0.000,-0.003,0.702,0.201,-9.783
454,448.149,13.590,5.302,9.998,-0.018,0.033,0.207,0.978,0.000,0.000,0.000,-1.000,-0.018,0.033,0.207,0.978,0.000,0.000,-0.003,0.703,0.201,-9.782
455,448.951,14.074,5.519,9.998,-0.017,0.033,0.206,0.978,0.000,0.000,0.000,-1.000,-0.017,0.033,0.206,0.978,0.000,0.000,-0.003,0.703,0.201,-9.782
456,449.686,14.519,5.717,9.999,-0.017,0.033,0.205,0.978,0.000,0.000,0.000,-1.000,-0.017,0.033,0.205,0.978,0.000,0.000,-0.003,0.703,0.201,-9.783
457,450.488,15.005,5.931,9.999,-0.017,0.033,0.204,0.978,0.000,0.000,0.000,-1.000,-0.017,0.033,0.204,0.978,0.000,0.000,-0.003,0.703,0.201,-9.783
458,451.224,15.451,6.127,9.999,-0.017,0.033,0.203,0.979,0.000,0.000,0.000,-1.000,-0.017,0.033,0.203,0.979,0.000,0.000,-0.003,0.704,0.201,-9.783
459,452.360,16.143,6.429,9.998,-0.017,0.033,0.201,0.979,0.000,0.000,0.000,-1.000,-0.017,0.033,0.201,0.979,0.000,0.000,-0.003,0.705,0.201,-9.783
460,453.529,16.877,6.747,9.998,-0.017,0.033,0.200,0.979,0.000,0.000,0.000,-1.000,-0.017,0.033,0.200,0.979,0.000,0.000,-0.003,0.706,0.201,-9.783
461,454.665,17.498,7.015,10.005,-0.008,0.018,0.252,0.968,0.000,0.000,0.000,-1.000,-0.008,0.018,0.252,0.968,-0.026,-0.071,0.180,0.159,0.092,-9.789
462,455.501,17.787,7.141,10.021,0.001,-0.000,0.332,0.943,0.000,0.000,0.000,-1.000,0.001,-0.000,0.332,0.943,-0.008,-0.010,0.223,-0.159,0.018,-9.813
463,456.203,17.953,7.212,10.032,0.000,0.007,0.414,0.910,0.000,0.000,0.000,-1.000,0.000,0.007,0.414,0.910,-0.001,0.030,0.276,0.026,-0.015,-9.815
464,457.373,18.136,7.290,10.046,-0.002,0.004,0.557,0.830,0.000,0.000,0.000,-1.000,-0.002,0.004,0.557,0.830,-0.005,-0.027,0.279,0.041,0.023,-9.818
465,458.509,18.242,7.335,10.050,0.001,0.001,0.687,0.726,0.000,0.000,0.000,-1.000,0.001,0.001,0.687,0.726,0.001,0.017,0.310,-0.006,0.001,-9.816
466,459.645,18.298,7.448,10.051,-0.032,0.013,0.748,0.663,0.000,0.000,0.000,-1.000,-0.032,0.013,0.748,0.663,0.036,0.101,0.001,0.926,0.248,-9.761
467,460.447,18.294,7.722,10.051,-0.040,0.020,0.745,0.665,0.000,0.000,0.000,-1.000,-0.040,0.020,0.745,0.665,0.004,-0.051,-0.009,1.020,0.242,-9.771
468,461.182,18.270,8.066,10.044,-0.022,0.006,0.744,0.667,0.000,0.000,0.000,-1.000,-0.022,0.006,0.744,0.667,-0.004,-0.035,-0.008,0.489,0.214,-9.795
469,461.985,18.233,8.492,10.035,-0.030,0.014,0.742,0.669,0.000,0.000,0.000,-1.000,-0.030,0.014,0.742,0.669,-0.001,0.063,-0.007,0.663,0.206,-9.786
470,462.720,18.195,8.907,10.029,-0.040,0.022,0.740,0.671,0.000,0.000,0.000,-1.000,-0.040,0.022,0.740,0.671,0.001,-0.006,-0.004,0.897,0.204,-9.767
471,463.856,18.131,9.574,10.020,-0.027,0.011,0.740,0.672,0.000,0.000,0.000,-1.000,-0.027,0.011,0.740,0.672,0.000,-0.005,-0.003,0.538,0.203,-9.786
472,464.992,18.066,10.250,10.019,-0.037,0.019,0.738,0.673,0.000,0.000,0.000,-1.000,-0.037,0.019,0.738,0.673,0.000,0.012,-0.003,0.788,0.203,-9.775
473,466.162,17.999,10.972,10.021,-0.030,0.014,0.737,0.675,0.000,0.000,0.000,-1.000,-0.030,0.014,0.737,0.675,0.000,-0.011,-0.002,0.616,0.202,-9.784
474,466.964,17.955,11.453,10.025,-0.032,0.015,0.736,0.676,0.000,0.000,0.000,-1.000,-0.032,0.015,0.736,0.676,0.000,0.016,-0.004,0.670,0.202,-9.785
475,467.699,17.915,11.894,10.028,-0.034,0.018,0.735,0.677,0.000,0.000,0.000,-1.000,-0.034,0.018,0.735,0.677,0.000,-0.002,-0.005,0.733,0.202,-9.785
476,468.502,17.874,12.376,10.028,-0.032,0.015,0.734,0.679,0.000,0.000,0.000,-1.000,-0.032,0.015,0.734,0.679,0.000,-0.009,-0.006,0.656,0.202,-9.789
477,469.237,17.837,12.819,10.027,-0.032,0.015,0.732,0.680,0.000,0.000,0.000,-1.000,-0.032,0.015,0.732,0.680,0.000,0.008,-0.006,0.654,0.201,-9.788
478,470.373,17.795,13.329,10.031,0.000,-0.003,0.650,0.760,0.000,0.000,0.000,-1.000,0.000,-0.003,0.650,0.760,0.022,-0.048,-0.265,-0.231,-0.000,-9.813
479,471.509,17.800,13.680,10.041,-0.028,0.017,0.590,0.807,0.000,0.000,0.000,-1.000,-0.028,0.017,0.590,0.807,0.042,0.115,0.006,0.775,0.200,-9.772
480,472.679,17.912,14.213,10.049,-0.023,0.014,0.589,0.808,0.000,0.000,0.000,-1.000,-0.023,0.014,0.589,0.808,0.004,-0.082,-0.004,0.556,0.184,-9.798
481,473.481,18.025,14.628,10.048,-0.018,0.006,0.587,0.810,0.000,0.000,0.000,-1.000,-0.018,0.006,0.587,0.810,0.002,0.041,-0.006,0.336,0.197,-9.805
482,474.183,18.136,15.002,10.044,-0.029,0.022,0.585,0.810,0.000,0.000,0.000,-1.000,-0.029,0.022,0.585,0.810,0.001,0.041,-0.006,0.713,0.200,-9.791
483,475.019,18.278,15.456,10.036,-0.027,0.019,0.583,0.812,0.000,0.000,0.000,-1.000,-0.027,0.019,0.583,0.812,0.000,-0.042,-0.005,0.623,0.200,-9.788
484,475.720,18.402,15.841,10.028,-0.021,0.012,0.582,0.813,0.000,0.000,0.000,-1.000,-0.021,0.012,0.582,0.813,0.000,-0.002,-0.004,0.426,0.201,-9.794
485,476.890,18.615,16.482,10.020,-0.028,0.021,0.580,0.814,0.000,0.000,0.000,-1.000,-0.028,0.021,0.580,0.814,0.000,0.007,-0.003,0.659,0.202,-9.782
486,478.029,18.833,17.123,10.018,-0.024,0.015,0.578,0.815,0.000,0.000,0.000,-1.000,-0.024,0.015,0.578,0.815,0.000,-0.008,-0.003,0.507,0.202,-9.790
487,479.166,19.047,17.744,10.022,-0.026,0.019,0.577,0.816,0.000,0.000,0.000,-1.000,-0.026,0.019,0.577,0.816,0.000,0.009,-0.003,0.597,0.203,-9.787
488,480.001,19.206,18.199,10.027,-0.025,0.018,0.576,0.817,0.000,0.000,0.000,-1.000,-0.025,0.018,0.576,0.817,0.000,-0.010,-0.004,0.575,0.203,-9.792
489,480.703,19.341,18.581,10.029,-0.024,0.016,0.574,0.818,0.000,0.000,0.000,-1.000,-0.024,0.016,0.574,0.818,0.000,-0.000,-0.005,0.531,0.203,-9.796
490,481.873,19.568,19.217,10.029,-0.026,0.018,0.572,0.820,0.000,0.000,0.000,-1.000,-0.026,0.018,0.572,0.820,0.000,0.002,-0.005,0.586,0.203,-9.794
491,483.011,19.792,19.833,10.026,-0.025,0.017,0.570,0.821,0.000,0.000,0.000,-1.000,-0.025,0.017,0.570,0.821,0.000,-0.002,-0.005,0.553,0.202,-9.794
492,484.148,20.019,20.448,10.022,-0.025,0.018,0.567,0.823,0.000,0.000,0.000,-1.000,-0.025,0.018,0.567,0.823,0.000,0.002,-0.005,0.573,0.203,-9.792
493,484.984,20.189,20.899,10.019,-0.025,0.018,0.566,0.824,0.000,0.000,0.000,-1.000,-0.025,0.018,0.566,0.824,0.000,-0.002,-0.004,0.572,0.203,-9.789
494,485.685,20.332,21.278,10.018,-0.025,0.018,0.565,0.825,0.000,0.000,0.000,-1.000,-0.025,0.018,0.565,0.825,0.000,-0.000,-0.003,0.562,0.203,-9.789
495,486.520,20.504,21.728,10.019,-0.025,0.018,0.564,0.825,0.000,0.000,0.000,-1.000,-0.025,0.018,0.564,0.825,0.000,0.001,-0.004,0.570,0.203,-9.790
496,487.224,20.650,22.105,10.020,-0.025,0.018,0.563,0.826,0.000,0.000,0.000,-1.000,-0.025,0.018,0.563,0.826,0.000,-0.001,-0.004,0.571,0.203,-9.791
497,488.392,20.894,22.732,10.021,-0.025,0.018,0.561,0.827,0.000,0.000,0.000,-1.000,-0.025,0.018,0.561,0.827,0.000,0.000,-0.004,0.565,0.203,-9.792
498,489.528,21.142,23.358,10.022,-0.025,0.018,0.559,0.829,0.000,0.000,0.000,-1.000,-0.025,0.018,0.559,0.829,0.000,0.000,-0.004,0.571,0.203,-9.792
499,490.664,21.385,23.965,10.021,-0.025,0.018,0.556,0.830,0.000,0.000,0.000,-1.000,-0.025,0.018,0.556,0.830,0.000,0.000,-0.005,0.568,0.203,-9.792
